request_id,timestamp,ward_code,ward_name,requested_volume_liters,contact_phone,ward_vulnerability,latitude,longitude,status,synthetic,seed,generator_version,generated_at
50001,2026-08-14T22:37:00Z,T,Mulund / Nahur,10000,+91-9752232242,0.48,19.1675,72.9483,fulfilled,true,42,2.0.0,2026-09-18T12:00:00Z
50002,2026-08-14T15:26:00Z,D,Malabar Hill / Walkeshwar,2000,+91-9794024805,0.16,18.9552,72.8059,fulfilled,true,42,2.0.0,2026-09-18T12:00:00Z
50003,2026-08-14T06:15:00Z,K/E,Andheri East / Marol,10000,+91-9788631870,0.65,19.1167,72.8626,fulfilled,true,42,2.0.0,2026-09-18T12:00:00Z
50004,2026-08-14T21:43:00Z,G/S,Worli / Lower Parel,2000,+91-9750376592,0.36,19.0005,72.8177,fulfilled,true,42,2.0.0,2026-09-18T12:00:00Z
50005,2026-08-14T14:28:00Z,M/E,Govandi / Mankhurd / Shivaji Nagar,2000,+91-9725878546,0.96,19.0546,72.916,fulfilled,true,42,2.0.0,2026-09-18T12:00:00Z
50006,2026-08-14T08:40:00Z,D,Malabar Hill / Walkeshwar,10000,+91-9768549054,0.16,18.953,72.8139,fulfilled,true,42,2.0.0,2026-09-18T12:00:00Z
50007,2026-08-14T09:58:00Z,P/S,Goregaon West & East,2000,+91-9734483058,0.58,19.1629,72.8419,fulfilled,true,42,2.0.0,2026-09-18T12:00:00Z
50008,2026-08-14T07:10:00Z,E,Byculla / Mazgaon / Nagpada,10000,+91-9755493396,0.48,18.9691,72.8386,fulfilled,true,42,2.0.0,2026-09-18T12:00:00Z
50009,2026-08-14T14:28:00Z,G/S,Worli / Lower Parel,10000,+91-9787069305,0.36,19.0112,72.8139,fulfilled,true,42,2.0.0,2026-09-18T12:00:00Z
50010,2026-08-14T07:17:00Z,P/S,Goregaon West & East,10000,+91-9717035833,0.58,19.1545,72.8507,fulfilled,true,42,2.0.0,2026-09-18T12:00:00Z
50011,2026-08-14T17:17:00Z,F/S,Parel / Sewri / Lalbaug,5000,+91-9780108541,0.42,18.9991,72.8462,fulfilled,true,42,2.0.0,2026-09-18T12:00:00Z
50012,2026-08-14T21:49:00Z,T,Mulund / Nahur,2000,+91-9763719969,0.48,19.176,72.9525,fulfilled,true,42,2.0.0,2026-09-18T12:00:00Z
50013,2026-08-14T22:04:00Z,C,Marine Lines / Chandanwadi,1000,+91-9720358843,0.32,18.9541,72.8199,fulfilled,true,42,2.0.0,2026-09-18T12:00:00Z
50014,2026-08-14T19:08:00Z,P/S,Goregaon West & East,10000,+91-9742888768,0.58,19.1609,72.8509,fulfilled,true,42,2.0.0,2026-09-18T12:00:00Z
50015,2026-08-14T20:17:00Z,L,Kurla / Asalpha / Sakinaka,2000,+91-9719790747,0.88,19.0743,72.888,fulfilled,true,42,2.0.0,2026-09-18T12:00:00Z
50016,2026-08-14T07:14:00Z,D,Malabar Hill / Walkeshwar,1000,+91-9754006766,0.16,18.9535,72.8041,fulfilled,true,42,2.0.0,2026-09-18T12:00:00Z
50017,2026-08-14T17:48:00Z,B,Sandhurst Road / Dongri,1000,+91-9788333768,0.4,18.9546,72.8305,fulfilled,true,42,2.0.0,2026-09-18T12:00:00Z
50018,2026-08-14T17:26:00Z,R/C,Borivali / Gorai,10000,+91-9771573673,0.46,19.2352,72.8538,fulfilled,true,42,2.0.0,2026-09-18T12:00:00Z
50019,2026-08-14T22:09:00Z,H/E,Bandra East / Santacruz East,10000,+91-9729995074,0.71,19.0603,72.8544,fulfilled,true,42,2.0.0,2026-09-18T12:00:00Z
50020,2026-08-14T20:48:00Z,R/N,Dahisar / Mandapeshwar,5000,+91-9737296988,0.42,19.2619,72.8655,fulfilled,true,42,2.0.0,2026-09-18T12:00:00Z
50021,2026-08-14T13:49:00Z,M/W,Chembur West / Tilak Nagar,5000,+91-9728070084,0.55,19.0652,72.9032,fulfilled,true,42,2.0.0,2026-09-18T12:00:00Z
50022,2026-08-14T21:01:00Z,T,Mulund / Nahur,5000,+91-9717121882,0.48,19.1694,72.9627,fulfilled,true,42,2.0.0,2026-09-18T12:00:00Z
50023,2026-08-14T12:05:00Z,R/S,Kandivali West & East,10000,+91-9738323044,0.52,19.2026,72.8574,fulfilled,true,42,2.0.0,2026-09-18T12:00:00Z
50024,2026-08-14T10:33:00Z,R/S,Kandivali West & East,10000,+91-9742443586,0.52,19.1987,72.8448,fulfilled,true,42,2.0.0,2026-09-18T12:00:00Z
50025,2026-08-14T07:42:00Z,H/E,Bandra East / Santacruz East,2000,+91-9773447570,0.71,19.0589,72.844,fulfilled,true,42,2.0.0,2026-09-18T12:00:00Z
50026,2026-08-14T13:15:00Z,K/W,Andheri West / Versova,1000,+91-9746781348,0.44,19.1359,72.8283,fulfilled,true,42,2.0.0,2026-09-18T12:00:00Z
50027,2026-08-14T06:23:00Z,R/S,Kandivali West & East,5000,+91-9711888122,0.52,19.2106,72.8564,fulfilled,true,42,2.0.0,2026-09-18T12:00:00Z
50028,2026-08-14T11:55:00Z,A,Colaba / Fort / Nariman Point,5000,+91-9767288914,0.22,18.9299,72.8265,fulfilled,true,42,2.0.0,2026-09-18T12:00:00Z
50029,2026-08-14T20:55:00Z,M/W,Chembur West / Tilak Nagar,10000,+91-9759775438,0.55,19.0607,72.9026,fulfilled,true,42,2.0.0,2026-09-18T12:00:00Z
50030,2026-08-14T10:11:00Z,A,Colaba / Fort / Nariman Point,2000,+91-9764281719,0.22,18.9197,72.8355,fulfilled,true,42,2.0.0,2026-09-18T12:00:00Z
50031,2026-08-14T17:08:00Z,F/S,Parel / Sewri / Lalbaug,2000,+91-9768364560,0.42,18.9951,72.8466,fulfilled,true,42,2.0.0,2026-09-18T12:00:00Z
50032,2026-08-14T07:40:00Z,H/E,Bandra East / Santacruz East,1000,+91-9776718523,0.71,19.056,72.8561,fulfilled,true,42,2.0.0,2026-09-18T12:00:00Z
50033,2026-08-14T17:44:00Z,M/W,Chembur West / Tilak Nagar,1000,+91-9793832780,0.55,19.0605,72.8958,fulfilled,true,42,2.0.0,2026-09-18T12:00:00Z
50034,2026-08-14T20:07:00Z,N,Ghatkopar / Pant Nagar,10000,+91-9728661165,0.61,19.0754,72.9015,fulfilled,true,42,2.0.0,2026-09-18T12:00:00Z
50035,2026-08-14T09:35:00Z,R/C,Borivali / Gorai,10000,+91-9712443545,0.46,19.2278,72.8596,fulfilled,true,42,2.0.0,2026-09-18T12:00:00Z
50036,2026-08-14T05:32:00Z,T,Mulund / Nahur,2000,+91-9721836253,0.48,19.1676,72.9516,fulfilled,true,42,2.0.0,2026-09-18T12:00:00Z
50037,2026-08-14T15:49:00Z,B,Sandhurst Road / Dongri,2000,+91-9720528257,0.4,18.9524,72.8455,fulfilled,true,42,2.0.0,2026-09-18T12:00:00Z
50038,2026-08-14T11:18:00Z,P/S,Goregaon West & East,10000,+91-9756817588,0.58,19.1617,72.8475,fulfilled,true,42,2.0.0,2026-09-18T12:00:00Z
50039,2026-08-14T18:56:00Z,R/C,Borivali / Gorai,5000,+91-9740651011,0.46,19.2282,72.862,fulfilled,true,42,2.0.0,2026-09-18T12:00:00Z
50040,2026-08-14T21:22:00Z,F/N,Matunga / Sion / Wadala,5000,+91-9798582959,0.74,19.0248,72.857,fulfilled,true,42,2.0.0,2026-09-18T12:00:00Z
50041,2026-08-14T13:03:00Z,B,Sandhurst Road / Dongri,2000,+91-9746405487,0.4,18.946,72.8391,fulfilled,true,42,2.0.0,2026-09-18T12:00:00Z
50042,2026-08-14T22:37:00Z,H/W,Bandra West / Khar,10000,+91-9786609916,0.28,19.0597,72.8394,fulfilled,true,42,2.0.0,2026-09-18T12:00:00Z
50043,2026-08-14T20:59:00Z,G/S,Worli / Lower Parel,2000,+91-9722937291,0.36,19.0133,72.8171,fulfilled,true,42,2.0.0,2026-09-18T12:00:00Z
50044,2026-08-14T11:36:00Z,H/W,Bandra West / Khar,2000,+91-9735362351,0.28,19.0604,72.8255,fulfilled,true,42,2.0.0,2026-09-18T12:00:00Z
50045,2026-08-14T18:01:00Z,G/N,Dharavi / Mahim / Dadar West,2000,+91-9720919231,0.93,19.0354,72.8491,fulfilled,true,42,2.0.0,2026-09-18T12:00:00Z
50046,2026-08-14T06:29:00Z,K/W,Andheri West / Versova,10000,+91-9766272590,0.44,19.1251,72.8243,fulfilled,true,42,2.0.0,2026-09-18T12:00:00Z
50047,2026-08-15T05:56:00Z,M/W,Chembur West / Tilak Nagar,5000,+91-9730501462,0.55,19.0638,72.8908,fulfilled,true,42,2.0.0,2026-09-18T12:00:00Z
50048,2026-08-15T17:27:00Z,D,Malabar Hill / Walkeshwar,1000,+91-9750636534,0.16,18.9589,72.8058,fulfilled,true,42,2.0.0,2026-09-18T12:00:00Z
50049,2026-08-15T11:22:00Z,P/N,Malad / Marve / Malvani,2000,+91-9756989506,0.79,19.1936,72.8475,fulfilled,true,42,2.0.0,2026-09-18T12:00:00Z
50050,2026-08-15T21:44:00Z,G/N,Dharavi / Mahim / Dadar West,2000,+91-9724557828,0.93,19.0387,72.8445,fulfilled,true,42,2.0.0,2026-09-18T12:00:00Z
50051,2026-08-15T05:19:00Z,L,Kurla / Asalpha / Sakinaka,10000,+91-9787924634,0.88,19.0749,72.8833,fulfilled,true,42,2.0.0,2026-09-18T12:00:00Z
50052,2026-08-15T13:12:00Z,P/S,Goregaon West & East,2000,+91-9794324292,0.58,19.156,72.8386,fulfilled,true,42,2.0.0,2026-09-18T12:00:00Z
50053,2026-08-15T17:18:00Z,K/W,Andheri West / Versova,2000,+91-9725406615,0.44,19.1308,72.8224,fulfilled,true,42,2.0.0,2026-09-18T12:00:00Z
50054,2026-08-15T07:24:00Z,S,Bhandup / Kanjurmarg / Powai,10000,+91-9796646945,0.69,19.1408,72.9279,fulfilled,true,42,2.0.0,2026-09-18T12:00:00Z
50055,2026-08-15T15:46:00Z,D,Malabar Hill / Walkeshwar,2000,+91-9713257061,0.16,18.9598,72.8056,fulfilled,true,42,2.0.0,2026-09-18T12:00:00Z
50056,2026-08-15T12:44:00Z,K/W,Andheri West / Versova,10000,+91-9730485896,0.44,19.1358,72.8339,fulfilled,true,42,2.0.0,2026-09-18T12:00:00Z
50057,2026-08-15T18:36:00Z,G/S,Worli / Lower Parel,2000,+91-9777879874,0.36,19.0085,72.8204,fulfilled,true,42,2.0.0,2026-09-18T12:00:00Z
50058,2026-08-15T10:56:00Z,L,Kurla / Asalpha / Sakinaka,5000,+91-9767246638,0.88,19.0718,72.8763,fulfilled,true,42,2.0.0,2026-09-18T12:00:00Z
50059,2026-08-15T12:33:00Z,S,Bhandup / Kanjurmarg / Powai,2000,+91-9732075531,0.69,19.1377,72.928,fulfilled,true,42,2.0.0,2026-09-18T12:00:00Z
50060,2026-08-15T07:32:00Z,R/S,Kandivali West & East,10000,+91-9777096146,0.52,19.2036,72.8435,fulfilled,true,42,2.0.0,2026-09-18T12:00:00Z
50061,2026-08-15T18:50:00Z,M/W,Chembur West / Tilak Nagar,10000,+91-9766325051,0.55,19.0597,72.8939,fulfilled,true,42,2.0.0,2026-09-18T12:00:00Z
50062,2026-08-15T18:00:00Z,H/E,Bandra East / Santacruz East,10000,+91-9779733210,0.71,19.0562,72.8447,fulfilled,true,42,2.0.0,2026-09-18T12:00:00Z
50063,2026-08-15T07:00:00Z,P/S,Goregaon West & East,10000,+91-9776955988,0.58,19.1697,72.8519,fulfilled,true,42,2.0.0,2026-09-18T12:00:00Z
50064,2026-08-15T19:43:00Z,M/E,Govandi / Mankhurd / Shivaji Nagar,1000,+91-9722312980,0.96,19.0522,72.9153,fulfilled,true,42,2.0.0,2026-09-18T12:00:00Z
50065,2026-08-15T05:41:00Z,D,Malabar Hill / Walkeshwar,2000,+91-9714414426,0.16,18.9662,72.82,fulfilled,true,42,2.0.0,2026-09-18T12:00:00Z
50066,2026-08-15T18:47:00Z,M/E,Govandi / Mankhurd / Shivaji Nagar,10000,+91-9733854880,0.96,19.0481,72.9227,fulfilled,true,42,2.0.0,2026-09-18T12:00:00Z
50067,2026-08-15T19:35:00Z,P/S,Goregaon West & East,10000,+91-9791840481,0.58,19.1559,72.8409,fulfilled,true,42,2.0.0,2026-09-18T12:00:00Z
50068,2026-08-15T11:13:00Z,N,Ghatkopar / Pant Nagar,5000,+91-9719921322,0.61,19.0904,72.9047,fulfilled,true,42,2.0.0,2026-09-18T12:00:00Z
50069,2026-08-15T21:29:00Z,G/S,Worli / Lower Parel,5000,+91-9712606483,0.36,19.002,72.819,fulfilled,true,42,2.0.0,2026-09-18T12:00:00Z
50070,2026-08-15T15:28:00Z,F/N,Matunga / Sion / Wadala,2000,+91-9795486378,0.74,19.029,72.8623,fulfilled,true,42,2.0.0,2026-09-18T12:00:00Z
50071,2026-08-15T09:14:00Z,N,Ghatkopar / Pant Nagar,1000,+91-9740858828,0.61,19.0863,72.9124,fulfilled,true,42,2.0.0,2026-09-18T12:00:00Z
50072,2026-08-15T19:11:00Z,K/E,Andheri East / Marol,1000,+91-9742225858,0.65,19.12,72.868,fulfilled,true,42,2.0.0,2026-09-18T12:00:00Z
50073,2026-08-15T15:25:00Z,T,Mulund / Nahur,2000,+91-9798634063,0.48,19.1658,72.9593,fulfilled,true,42,2.0.0,2026-09-18T12:00:00Z
50074,2026-08-15T20:23:00Z,H/E,Bandra East / Santacruz East,1000,+91-9725520931,0.71,19.0615,72.8566,fulfilled,true,42,2.0.0,2026-09-18T12:00:00Z
50075,2026-08-15T13:54:00Z,F/S,Parel / Sewri / Lalbaug,2000,+91-9788523640,0.42,18.991,72.8481,fulfilled,true,42,2.0.0,2026-09-18T12:00:00Z
50076,2026-08-15T21:06:00Z,A,Colaba / Fort / Nariman Point,5000,+91-9773399022,0.22,18.9147,72.8397,fulfilled,true,42,2.0.0,2026-09-18T12:00:00Z
50077,2026-08-15T08:02:00Z,K/W,Andheri West / Versova,2000,+91-9738215864,0.44,19.1348,72.8372,fulfilled,true,42,2.0.0,2026-09-18T12:00:00Z
50078,2026-08-15T22:26:00Z,H/E,Bandra East / Santacruz East,2000,+91-9714550135,0.71,19.0618,72.8446,fulfilled,true,42,2.0.0,2026-09-18T12:00:00Z
50079,2026-08-15T15:52:00Z,F/N,Matunga / Sion / Wadala,1000,+91-9760448350,0.74,19.0255,72.8503,fulfilled,true,42,2.0.0,2026-09-18T12:00:00Z
50080,2026-08-15T12:06:00Z,A,Colaba / Fort / Nariman Point,10000,+91-9782181200,0.22,18.9153,72.8286,fulfilled,true,42,2.0.0,2026-09-18T12:00:00Z
50081,2026-08-15T14:23:00Z,E,Byculla / Mazgaon / Nagpada,10000,+91-9719123757,0.48,18.9789,72.8344,fulfilled,true,42,2.0.0,2026-09-18T12:00:00Z
50082,2026-08-15T06:17:00Z,T,Mulund / Nahur,10000,+91-9788210604,0.48,19.1679,72.9571,fulfilled,true,42,2.0.0,2026-09-18T12:00:00Z
50083,2026-08-15T12:00:00Z,N,Ghatkopar / Pant Nagar,10000,+91-9751885788,0.61,19.0885,72.9148,fulfilled,true,42,2.0.0,2026-09-18T12:00:00Z
50084,2026-08-15T11:55:00Z,R/C,Borivali / Gorai,5000,+91-9778437079,0.46,19.23,72.8531,fulfilled,true,42,2.0.0,2026-09-18T12:00:00Z
50085,2026-08-15T21:34:00Z,H/E,Bandra East / Santacruz East,10000,+91-9725454990,0.71,19.0691,72.8572,fulfilled,true,42,2.0.0,2026-09-18T12:00:00Z
50086,2026-08-15T11:56:00Z,B,Sandhurst Road / Dongri,10000,+91-9721491581,0.4,18.9553,72.8345,fulfilled,true,42,2.0.0,2026-09-18T12:00:00Z
50087,2026-08-15T12:08:00Z,L,Kurla / Asalpha / Sakinaka,2000,+91-9771037208,0.88,19.0715,72.8825,fulfilled,true,42,2.0.0,2026-09-18T12:00:00Z
50088,2026-08-15T14:57:00Z,R/S,Kandivali West & East,1000,+91-9756204342,0.52,19.2076,72.853,fulfilled,true,42,2.0.0,2026-09-18T12:00:00Z
50089,2026-08-15T12:02:00Z,G/N,Dharavi / Mahim / Dadar West,10000,+91-9744059539,0.93,19.0448,72.8485,fulfilled,true,42,2.0.0,2026-09-18T12:00:00Z
50090,2026-08-15T19:25:00Z,P/N,Malad / Marve / Malvani,2000,+91-9782338072,0.79,19.1873,72.845,fulfilled,true,42,2.0.0,2026-09-18T12:00:00Z
50091,2026-08-15T08:03:00Z,R/C,Borivali / Gorai,10000,+91-9710380333,0.46,19.2344,72.8522,fulfilled,true,42,2.0.0,2026-09-18T12:00:00Z
50092,2026-08-15T16:00:00Z,F/S,Parel / Sewri / Lalbaug,5000,+91-9710034867,0.42,19.0033,72.8472,fulfilled,true,42,2.0.0,2026-09-18T12:00:00Z
50093,2026-08-15T18:01:00Z,P/S,Goregaon West & East,1000,+91-9779902465,0.58,19.1621,72.8416,fulfilled,true,42,2.0.0,2026-09-18T12:00:00Z
50094,2026-08-15T18:14:00Z,E,Byculla / Mazgaon / Nagpada,5000,+91-9725246473,0.48,18.9797,72.8344,fulfilled,true,42,2.0.0,2026-09-18T12:00:00Z
50095,2026-08-15T15:36:00Z,K/E,Andheri East / Marol,10000,+91-9716289232,0.65,19.1101,72.8689,fulfilled,true,42,2.0.0,2026-09-18T12:00:00Z
50096,2026-08-16T15:30:00Z,R/N,Dahisar / Mandapeshwar,1000,+91-9778672963,0.42,19.2502,72.8622,fulfilled,true,42,2.0.0,2026-09-18T12:00:00Z
50097,2026-08-16T19:56:00Z,P/S,Goregaon West & East,10000,+91-9713501131,0.58,19.1682,72.8373,fulfilled,true,42,2.0.0,2026-09-18T12:00:00Z
50098,2026-08-16T06:41:00Z,G/S,Worli / Lower Parel,1000,+91-9797181037,0.36,19.0072,72.8165,fulfilled,true,42,2.0.0,2026-09-18T12:00:00Z
50099,2026-08-16T22:01:00Z,R/C,Borivali / Gorai,1000,+91-9723147731,0.46,19.2238,72.8564,fulfilled,true,42,2.0.0,2026-09-18T12:00:00Z
50100,2026-08-16T11:25:00Z,N,Ghatkopar / Pant Nagar,10000,+91-9754211680,0.61,19.0898,72.9077,fulfilled,true,42,2.0.0,2026-09-18T12:00:00Z
50101,2026-08-16T14:52:00Z,F/S,Parel / Sewri / Lalbaug,10000,+91-9740264174,0.42,18.9938,72.8362,fulfilled,true,42,2.0.0,2026-09-18T12:00:00Z
50102,2026-08-16T11:37:00Z,B,Sandhurst Road / Dongri,2000,+91-9786036483,0.4,18.9523,72.8334,fulfilled,true,42,2.0.0,2026-09-18T12:00:00Z
50103,2026-08-16T18:12:00Z,F/N,Matunga / Sion / Wadala,5000,+91-9741106836,0.74,19.0328,72.8615,fulfilled,true,42,2.0.0,2026-09-18T12:00:00Z
50104,2026-08-16T22:40:00Z,R/C,Borivali / Gorai,1000,+91-9769828279,0.46,19.2316,72.8574,fulfilled,true,42,2.0.0,2026-09-18T12:00:00Z
50105,2026-08-16T13:46:00Z,R/N,Dahisar / Mandapeshwar,5000,+91-9737280875,0.42,19.2538,72.853,fulfilled,true,42,2.0.0,2026-09-18T12:00:00Z
50106,2026-08-16T11:42:00Z,K/W,Andheri West / Versova,10000,+91-9768139870,0.44,19.1255,72.8277,fulfilled,true,42,2.0.0,2026-09-18T12:00:00Z
50107,2026-08-16T09:36:00Z,G/N,Dharavi / Mahim / Dadar West,10000,+91-9754621321,0.93,19.044,72.8444,fulfilled,true,42,2.0.0,2026-09-18T12:00:00Z
50108,2026-08-16T12:44:00Z,H/W,Bandra West / Khar,5000,+91-9757495535,0.28,19.0656,72.8249,fulfilled,true,42,2.0.0,2026-09-18T12:00:00Z
50109,2026-08-16T05:20:00Z,R/S,Kandivali West & East,5000,+91-9746464044,0.52,19.2077,72.8555,fulfilled,true,42,2.0.0,2026-09-18T12:00:00Z
50110,2026-08-16T14:08:00Z,F/N,Matunga / Sion / Wadala,1000,+91-9749654739,0.74,19.03,72.8623,fulfilled,true,42,2.0.0,2026-09-18T12:00:00Z
50111,2026-08-16T13:42:00Z,S,Bhandup / Kanjurmarg / Powai,1000,+91-9778529504,0.69,19.1403,72.9324,fulfilled,true,42,2.0.0,2026-09-18T12:00:00Z
50112,2026-08-16T08:33:00Z,K/W,Andheri West / Versova,10000,+91-9735148055,0.44,19.1321,72.8303,fulfilled,true,42,2.0.0,2026-09-18T12:00:00Z
50113,2026-08-16T08:10:00Z,R/C,Borivali / Gorai,5000,+91-9726090836,0.46,19.2323,72.8538,fulfilled,true,42,2.0.0,2026-09-18T12:00:00Z
50114,2026-08-16T13:42:00Z,A,Colaba / Fort / Nariman Point,2000,+91-9735434567,0.22,18.9227,72.8344,fulfilled,true,42,2.0.0,2026-09-18T12:00:00Z
50115,2026-08-16T09:22:00Z,S,Bhandup / Kanjurmarg / Powai,2000,+91-9794796329,0.69,19.137,72.9328,fulfilled,true,42,2.0.0,2026-09-18T12:00:00Z
50116,2026-08-16T17:05:00Z,R/S,Kandivali West & East,5000,+91-9715992766,0.52,19.2013,72.8459,fulfilled,true,42,2.0.0,2026-09-18T12:00:00Z
50117,2026-08-16T18:35:00Z,P/N,Malad / Marve / Malvani,2000,+91-9797604486,0.79,19.192,72.8404,fulfilled,true,42,2.0.0,2026-09-18T12:00:00Z
50118,2026-08-16T09:11:00Z,L,Kurla / Asalpha / Sakinaka,1000,+91-9744501224,0.88,19.0678,72.8772,fulfilled,true,42,2.0.0,2026-09-18T12:00:00Z
50119,2026-08-16T19:37:00Z,D,Malabar Hill / Walkeshwar,10000,+91-9760056791,0.16,18.9566,72.8147,fulfilled,true,42,2.0.0,2026-09-18T12:00:00Z
50120,2026-08-16T06:09:00Z,D,Malabar Hill / Walkeshwar,1000,+91-9781140005,0.16,18.9588,72.8196,fulfilled,true,42,2.0.0,2026-09-18T12:00:00Z
50121,2026-08-16T17:32:00Z,G/N,Dharavi / Mahim / Dadar West,10000,+91-9777925348,0.93,19.0401,72.8495,fulfilled,true,42,2.0.0,2026-09-18T12:00:00Z
50122,2026-08-16T22:32:00Z,A,Colaba / Fort / Nariman Point,2000,+91-9795246114,0.22,18.9242,72.838,fulfilled,true,42,2.0.0,2026-09-18T12:00:00Z
50123,2026-08-16T22:15:00Z,D,Malabar Hill / Walkeshwar,10000,+91-9767878168,0.16,18.9612,72.8193,fulfilled,true,42,2.0.0,2026-09-18T12:00:00Z
50124,2026-08-16T21:36:00Z,G/S,Worli / Lower Parel,2000,+91-9748552230,0.36,19.0122,72.8224,fulfilled,true,42,2.0.0,2026-09-18T12:00:00Z
50125,2026-08-16T17:04:00Z,A,Colaba / Fort / Nariman Point,1000,+91-9724471121,0.22,18.9152,72.8277,fulfilled,true,42,2.0.0,2026-09-18T12:00:00Z
50126,2026-08-16T22:24:00Z,G/S,Worli / Lower Parel,1000,+91-9750039816,0.36,19.0082,72.8231,fulfilled,true,42,2.0.0,2026-09-18T12:00:00Z
50127,2026-08-16T08:12:00Z,E,Byculla / Mazgaon / Nagpada,10000,+91-9762141192,0.48,18.974,72.8331,fulfilled,true,42,2.0.0,2026-09-18T12:00:00Z
50128,2026-08-16T08:27:00Z,E,Byculla / Mazgaon / Nagpada,5000,+91-9717834303,0.48,18.9735,72.831,fulfilled,true,42,2.0.0,2026-09-18T12:00:00Z
50129,2026-08-16T07:15:00Z,G/N,Dharavi / Mahim / Dadar West,1000,+91-9782665008,0.93,19.0378,72.8529,fulfilled,true,42,2.0.0,2026-09-18T12:00:00Z
50130,2026-08-16T20:24:00Z,B,Sandhurst Road / Dongri,2000,+91-9738458688,0.4,18.9457,72.8447,fulfilled,true,42,2.0.0,2026-09-18T12:00:00Z
50131,2026-08-16T20:37:00Z,K/E,Andheri East / Marol,10000,+91-9712860522,0.65,19.1138,72.8631,fulfilled,true,42,2.0.0,2026-09-18T12:00:00Z
50132,2026-08-16T15:06:00Z,A,Colaba / Fort / Nariman Point,5000,+91-9713340719,0.22,18.9271,72.8302,fulfilled,true,42,2.0.0,2026-09-18T12:00:00Z
50133,2026-08-16T12:32:00Z,G/N,Dharavi / Mahim / Dadar West,1000,+91-9767513498,0.93,19.0504,72.8459,fulfilled,true,42,2.0.0,2026-09-18T12:00:00Z
50134,2026-08-16T21:50:00Z,G/N,Dharavi / Mahim / Dadar West,2000,+91-9751443723,0.93,19.0388,72.8493,fulfilled,true,42,2.0.0,2026-09-18T12:00:00Z
50135,2026-08-16T08:05:00Z,H/W,Bandra West / Khar,1000,+91-9798744531,0.28,19.0653,72.8311,fulfilled,true,42,2.0.0,2026-09-18T12:00:00Z
50136,2026-08-16T14:01:00Z,R/S,Kandivali West & East,5000,+91-9713490273,0.52,19.2088,72.8542,fulfilled,true,42,2.0.0,2026-09-18T12:00:00Z
50137,2026-08-16T12:31:00Z,S,Bhandup / Kanjurmarg / Powai,5000,+91-9723296662,0.69,19.1477,72.9218,fulfilled,true,42,2.0.0,2026-09-18T12:00:00Z
50138,2026-08-17T05:06:00Z,R/N,Dahisar / Mandapeshwar,5000,+91-9723149063,0.42,19.2463,72.8568,fulfilled,true,42,2.0.0,2026-09-18T12:00:00Z
50139,2026-08-17T16:10:00Z,S,Bhandup / Kanjurmarg / Powai,5000,+91-9753545971,0.69,19.1438,72.9222,fulfilled,true,42,2.0.0,2026-09-18T12:00:00Z
50140,2026-08-17T14:03:00Z,E,Byculla / Mazgaon / Nagpada,2000,+91-9783889779,0.48,18.9729,72.8279,fulfilled,true,42,2.0.0,2026-09-18T12:00:00Z
50141,2026-08-17T17:48:00Z,R/N,Dahisar / Mandapeshwar,2000,+91-9716811741,0.42,19.2561,72.8529,fulfilled,true,42,2.0.0,2026-09-18T12:00:00Z
50142,2026-08-17T16:23:00Z,M/E,Govandi / Mankhurd / Shivaji Nagar,2000,+91-9733622641,0.96,19.0478,72.9189,fulfilled,true,42,2.0.0,2026-09-18T12:00:00Z
50143,2026-08-17T15:08:00Z,F/S,Parel / Sewri / Lalbaug,1000,+91-9771414346,0.42,18.9919,72.8372,fulfilled,true,42,2.0.0,2026-09-18T12:00:00Z
50144,2026-08-17T17:13:00Z,H/E,Bandra East / Santacruz East,1000,+91-9796399295,0.71,19.0672,72.856,fulfilled,true,42,2.0.0,2026-09-18T12:00:00Z
50145,2026-08-17T11:51:00Z,H/E,Bandra East / Santacruz East,1000,+91-9739348989,0.71,19.0624,72.8554,fulfilled,true,42,2.0.0,2026-09-18T12:00:00Z
50146,2026-08-17T07:45:00Z,D,Malabar Hill / Walkeshwar,5000,+91-9751082408,0.16,18.9676,72.8142,fulfilled,true,42,2.0.0,2026-09-18T12:00:00Z
50147,2026-08-17T22:29:00Z,L,Kurla / Asalpha / Sakinaka,1000,+91-9753625632,0.88,19.0669,72.8795,fulfilled,true,42,2.0.0,2026-09-18T12:00:00Z
50148,2026-08-17T18:32:00Z,E,Byculla / Mazgaon / Nagpada,5000,+91-9726247738,0.48,18.9671,72.835,fulfilled,true,42,2.0.0,2026-09-18T12:00:00Z
50149,2026-08-17T22:23:00Z,T,Mulund / Nahur,10000,+91-9726447800,0.48,19.1791,72.9561,fulfilled,true,42,2.0.0,2026-09-18T12:00:00Z
50150,2026-08-17T14:35:00Z,P/N,Malad / Marve / Malvani,10000,+91-9728086358,0.79,19.1931,72.8511,fulfilled,true,42,2.0.0,2026-09-18T12:00:00Z
50151,2026-08-17T20:37:00Z,N,Ghatkopar / Pant Nagar,2000,+91-9731097646,0.61,19.0758,72.907,fulfilled,true,42,2.0.0,2026-09-18T12:00:00Z
50152,2026-08-17T05:41:00Z,P/N,Malad / Marve / Malvani,1000,+91-9722700266,0.79,19.1896,72.8427,fulfilled,true,42,2.0.0,2026-09-18T12:00:00Z
50153,2026-08-17T18:43:00Z,K/W,Andheri West / Versova,2000,+91-9795475323,0.44,19.1319,72.8346,fulfilled,true,42,2.0.0,2026-09-18T12:00:00Z
50154,2026-08-17T17:56:00Z,P/N,Malad / Marve / Malvani,1000,+91-9711318282,0.79,19.1932,72.8506,fulfilled,true,42,2.0.0,2026-09-18T12:00:00Z
50155,2026-08-17T22:47:00Z,N,Ghatkopar / Pant Nagar,5000,+91-9797182514,0.61,19.0787,72.9051,fulfilled,true,42,2.0.0,2026-09-18T12:00:00Z
50156,2026-08-17T16:18:00Z,K/E,Andheri East / Marol,1000,+91-9799960495,0.65,19.1185,72.8715,fulfilled,true,42,2.0.0,2026-09-18T12:00:00Z
50157,2026-08-17T19:17:00Z,R/C,Borivali / Gorai,10000,+91-9775169366,0.46,19.2233,72.8633,fulfilled,true,42,2.0.0,2026-09-18T12:00:00Z
50158,2026-08-17T06:53:00Z,D,Malabar Hill / Walkeshwar,10000,+91-9779083461,0.16,18.9599,72.812,fulfilled,true,42,2.0.0,2026-09-18T12:00:00Z
50159,2026-08-17T09:12:00Z,R/S,Kandivali West & East,1000,+91-9751191701,0.52,19.2116,72.8558,fulfilled,true,42,2.0.0,2026-09-18T12:00:00Z
50160,2026-08-17T07:30:00Z,K/E,Andheri East / Marol,5000,+91-9711852995,0.65,19.1187,72.8685,fulfilled,true,42,2.0.0,2026-09-18T12:00:00Z
50161,2026-08-17T13:02:00Z,H/W,Bandra West / Khar,5000,+91-9793805247,0.28,19.0563,72.8298,fulfilled,true,42,2.0.0,2026-09-18T12:00:00Z
50162,2026-08-17T18:35:00Z,N,Ghatkopar / Pant Nagar,2000,+91-9746669615,0.61,19.0762,72.9119,fulfilled,true,42,2.0.0,2026-09-18T12:00:00Z
50163,2026-08-17T09:57:00Z,H/W,Bandra West / Khar,10000,+91-9799619190,0.28,19.0648,72.8379,fulfilled,true,42,2.0.0,2026-09-18T12:00:00Z
50164,2026-08-17T10:13:00Z,R/C,Borivali / Gorai,10000,+91-9755219757,0.46,19.2295,72.8554,fulfilled,true,42,2.0.0,2026-09-18T12:00:00Z
50165,2026-08-17T15:06:00Z,A,Colaba / Fort / Nariman Point,1000,+91-9763157066,0.22,18.9252,72.8325,fulfilled,true,42,2.0.0,2026-09-18T12:00:00Z
50166,2026-08-17T12:32:00Z,L,Kurla / Asalpha / Sakinaka,5000,+91-9734316904,0.88,19.0793,72.8786,fulfilled,true,42,2.0.0,2026-09-18T12:00:00Z
50167,2026-08-17T15:08:00Z,M/E,Govandi / Mankhurd / Shivaji Nagar,10000,+91-9710493955,0.96,19.0607,72.9238,fulfilled,true,42,2.0.0,2026-09-18T12:00:00Z
50168,2026-08-17T06:00:00Z,R/S,Kandivali West & East,1000,+91-9715178829,0.52,19.201,72.8548,fulfilled,true,42,2.0.0,2026-09-18T12:00:00Z
50169,2026-08-17T17:03:00Z,M/W,Chembur West / Tilak Nagar,10000,+91-9759473839,0.55,19.0591,72.8974,fulfilled,true,42,2.0.0,2026-09-18T12:00:00Z
50170,2026-08-17T12:04:00Z,H/E,Bandra East / Santacruz East,1000,+91-9738312194,0.71,19.055,72.8448,fulfilled,true,42,2.0.0,2026-09-18T12:00:00Z
50171,2026-08-17T08:58:00Z,H/E,Bandra East / Santacruz East,1000,+91-9735180812,0.71,19.0589,72.845,fulfilled,true,42,2.0.0,2026-09-18T12:00:00Z
50172,2026-08-17T18:35:00Z,M/W,Chembur West / Tilak Nagar,10000,+91-9772973173,0.55,19.0628,72.903,fulfilled,true,42,2.0.0,2026-09-18T12:00:00Z
50173,2026-08-17T14:24:00Z,G/S,Worli / Lower Parel,1000,+91-9787354761,0.36,19.0108,72.813,fulfilled,true,42,2.0.0,2026-09-18T12:00:00Z
50174,2026-08-17T13:14:00Z,R/N,Dahisar / Mandapeshwar,2000,+91-9767415976,0.42,19.2595,72.8511,fulfilled,true,42,2.0.0,2026-09-18T12:00:00Z
50175,2026-08-17T06:43:00Z,L,Kurla / Asalpha / Sakinaka,10000,+91-9798937289,0.88,19.0717,72.8799,fulfilled,true,42,2.0.0,2026-09-18T12:00:00Z
50176,2026-08-17T15:54:00Z,K/E,Andheri East / Marol,10000,+91-9715725640,0.65,19.1096,72.8714,fulfilled,true,42,2.0.0,2026-09-18T12:00:00Z
50177,2026-08-17T18:56:00Z,H/E,Bandra East / Santacruz East,5000,+91-9736859597,0.71,19.06,72.8589,fulfilled,true,42,2.0.0,2026-09-18T12:00:00Z
50178,2026-08-17T08:00:00Z,P/S,Goregaon West & East,1000,+91-9767318381,0.58,19.1544,72.8389,fulfilled,true,42,2.0.0,2026-09-18T12:00:00Z
50179,2026-08-17T11:37:00Z,K/W,Andheri West / Versova,2000,+91-9769356115,0.44,19.1282,72.8281,fulfilled,true,42,2.0.0,2026-09-18T12:00:00Z
50180,2026-08-17T15:59:00Z,P/N,Malad / Marve / Malvani,5000,+91-9777121824,0.79,19.1907,72.8506,fulfilled,true,42,2.0.0,2026-09-18T12:00:00Z
50181,2026-08-18T21:24:00Z,D,Malabar Hill / Walkeshwar,10000,+91-9721992140,0.16,18.9683,72.8183,fulfilled,true,42,2.0.0,2026-09-18T12:00:00Z
50182,2026-08-18T10:48:00Z,P/S,Goregaon West & East,1000,+91-9790773380,0.58,19.161,72.848,fulfilled,true,42,2.0.0,2026-09-18T12:00:00Z
50183,2026-08-18T05:31:00Z,K/W,Andheri West / Versova,10000,+91-9716884139,0.44,19.1239,72.8361,fulfilled,true,42,2.0.0,2026-09-18T12:00:00Z
50184,2026-08-18T05:01:00Z,R/S,Kandivali West & East,5000,+91-9793782629,0.52,19.2052,72.8515,fulfilled,true,42,2.0.0,2026-09-18T12:00:00Z
50185,2026-08-18T22:15:00Z,K/E,Andheri East / Marol,10000,+91-9768676439,0.65,19.1167,72.8631,fulfilled,true,42,2.0.0,2026-09-18T12:00:00Z
50186,2026-08-18T11:33:00Z,H/W,Bandra West / Khar,5000,+91-9774947379,0.28,19.0587,72.8364,fulfilled,true,42,2.0.0,2026-09-18T12:00:00Z
50187,2026-08-18T06:24:00Z,F/N,Matunga / Sion / Wadala,1000,+91-9731845174,0.74,19.0301,72.862,fulfilled,true,42,2.0.0,2026-09-18T12:00:00Z
50188,2026-08-18T12:10:00Z,R/N,Dahisar / Mandapeshwar,10000,+91-9756509448,0.42,19.2566,72.8546,fulfilled,true,42,2.0.0,2026-09-18T12:00:00Z
50189,2026-08-18T14:03:00Z,L,Kurla / Asalpha / Sakinaka,5000,+91-9749583238,0.88,19.07,72.8775,fulfilled,true,42,2.0.0,2026-09-18T12:00:00Z
50190,2026-08-18T17:54:00Z,H/E,Bandra East / Santacruz East,5000,+91-9731311899,0.71,19.0559,72.8436,fulfilled,true,42,2.0.0,2026-09-18T12:00:00Z
50191,2026-08-18T05:32:00Z,H/W,Bandra West / Khar,1000,+91-9729098614,0.28,19.0503,72.8286,fulfilled,true,42,2.0.0,2026-09-18T12:00:00Z
50192,2026-08-18T21:03:00Z,K/W,Andheri West / Versova,1000,+91-9746329288,0.44,19.1208,72.8317,fulfilled,true,42,2.0.0,2026-09-18T12:00:00Z
50193,2026-08-18T17:03:00Z,F/N,Matunga / Sion / Wadala,5000,+91-9733324099,0.74,19.0329,72.86,fulfilled,true,42,2.0.0,2026-09-18T12:00:00Z
50194,2026-08-18T08:03:00Z,H/E,Bandra East / Santacruz East,1000,+91-9749669003,0.71,19.0663,72.848,fulfilled,true,42,2.0.0,2026-09-18T12:00:00Z
50195,2026-08-18T11:40:00Z,M/W,Chembur West / Tilak Nagar,5000,+91-9768596998,0.55,19.0685,72.8928,fulfilled,true,42,2.0.0,2026-09-18T12:00:00Z
50196,2026-08-18T08:01:00Z,G/N,Dharavi / Mahim / Dadar West,10000,+91-9710479068,0.93,19.0414,72.8521,fulfilled,true,42,2.0.0,2026-09-18T12:00:00Z
50197,2026-08-18T19:56:00Z,F/S,Parel / Sewri / Lalbaug,10000,+91-9773058505,0.42,18.9972,72.8422,fulfilled,true,42,2.0.0,2026-09-18T12:00:00Z
50198,2026-08-18T13:02:00Z,T,Mulund / Nahur,10000,+91-9791856912,0.48,19.1719,72.9553,fulfilled,true,42,2.0.0,2026-09-18T12:00:00Z
50199,2026-08-18T14:16:00Z,E,Byculla / Mazgaon / Nagpada,10000,+91-9727344462,0.48,18.9754,72.8354,fulfilled,true,42,2.0.0,2026-09-18T12:00:00Z
50200,2026-08-18T05:50:00Z,H/E,Bandra East / Santacruz East,2000,+91-9710781523,0.71,19.0567,72.8505,fulfilled,true,42,2.0.0,2026-09-18T12:00:00Z
50201,2026-08-18T20:30:00Z,G/N,Dharavi / Mahim / Dadar West,10000,+91-9751836916,0.93,19.0384,72.841,fulfilled,true,42,2.0.0,2026-09-18T12:00:00Z
50202,2026-08-18T22:38:00Z,K/W,Andheri West / Versova,5000,+91-9761218486,0.44,19.1334,72.8282,fulfilled,true,42,2.0.0,2026-09-18T12:00:00Z
50203,2026-08-18T11:22:00Z,R/C,Borivali / Gorai,1000,+91-9713252630,0.46,19.2251,72.8602,fulfilled,true,42,2.0.0,2026-09-18T12:00:00Z
50204,2026-08-18T11:45:00Z,K/W,Andheri West / Versova,1000,+91-9752537615,0.44,19.1215,72.8325,fulfilled,true,42,2.0.0,2026-09-18T12:00:00Z
50205,2026-08-18T09:36:00Z,L,Kurla / Asalpha / Sakinaka,2000,+91-9756666889,0.88,19.072,72.8765,fulfilled,true,42,2.0.0,2026-09-18T12:00:00Z
50206,2026-08-18T14:17:00Z,K/W,Andheri West / Versova,1000,+91-9748116321,0.44,19.1209,72.8288,fulfilled,true,42,2.0.0,2026-09-18T12:00:00Z
50207,2026-08-18T15:00:00Z,A,Colaba / Fort / Nariman Point,2000,+91-9780753538,0.22,18.9167,72.8408,fulfilled,true,42,2.0.0,2026-09-18T12:00:00Z
50208,2026-08-18T05:55:00Z,B,Sandhurst Road / Dongri,10000,+91-9742392925,0.4,18.9475,72.8332,fulfilled,true,42,2.0.0,2026-09-18T12:00:00Z
50209,2026-08-18T11:21:00Z,R/N,Dahisar / Mandapeshwar,1000,+91-9784556258,0.42,19.2598,72.8538,fulfilled,true,42,2.0.0,2026-09-18T12:00:00Z
50210,2026-08-18T11:56:00Z,S,Bhandup / Kanjurmarg / Powai,1000,+91-9772377430,0.69,19.1433,72.9255,fulfilled,true,42,2.0.0,2026-09-18T12:00:00Z
50211,2026-08-18T11:13:00Z,L,Kurla / Asalpha / Sakinaka,5000,+91-9787939798,0.88,19.076,72.8864,fulfilled,true,42,2.0.0,2026-09-18T12:00:00Z
50212,2026-08-18T05:01:00Z,G/S,Worli / Lower Parel,10000,+91-9723988432,0.36,19.0061,72.8132,fulfilled,true,42,2.0.0,2026-09-18T12:00:00Z
50213,2026-08-18T17:53:00Z,R/C,Borivali / Gorai,2000,+91-9758950141,0.46,19.2342,72.8595,fulfilled,true,42,2.0.0,2026-09-18T12:00:00Z
50214,2026-08-18T19:24:00Z,D,Malabar Hill / Walkeshwar,5000,+91-9739602256,0.16,18.9566,72.8072,fulfilled,true,42,2.0.0,2026-09-18T12:00:00Z
50215,2026-08-18T15:42:00Z,A,Colaba / Fort / Nariman Point,10000,+91-9755125531,0.22,18.9236,72.8373,fulfilled,true,42,2.0.0,2026-09-18T12:00:00Z
50216,2026-08-18T14:59:00Z,M/E,Govandi / Mankhurd / Shivaji Nagar,10000,+91-9755583017,0.96,19.0607,72.9117,fulfilled,true,42,2.0.0,2026-09-18T12:00:00Z
50217,2026-08-18T15:38:00Z,K/E,Andheri East / Marol,10000,+91-9790111924,0.65,19.1096,72.8669,fulfilled,true,42,2.0.0,2026-09-18T12:00:00Z
50218,2026-08-18T10:23:00Z,R/S,Kandivali West & East,5000,+91-9736321097,0.52,19.1997,72.8573,fulfilled,true,42,2.0.0,2026-09-18T12:00:00Z
50219,2026-08-18T13:12:00Z,P/S,Goregaon West & East,5000,+91-9758067200,0.58,19.1635,72.8367,fulfilled,true,42,2.0.0,2026-09-18T12:00:00Z
50220,2026-08-18T06:09:00Z,L,Kurla / Asalpha / Sakinaka,10000,+91-9775702277,0.88,19.0645,72.8867,fulfilled,true,42,2.0.0,2026-09-18T12:00:00Z
50221,2026-08-18T13:30:00Z,R/N,Dahisar / Mandapeshwar,10000,+91-9716767961,0.42,19.2569,72.859,fulfilled,true,42,2.0.0,2026-09-18T12:00:00Z
50222,2026-08-18T08:14:00Z,G/N,Dharavi / Mahim / Dadar West,10000,+91-9720143527,0.93,19.0396,72.8424,fulfilled,true,42,2.0.0,2026-09-18T12:00:00Z
50223,2026-08-18T18:46:00Z,S,Bhandup / Kanjurmarg / Powai,2000,+91-9773550679,0.69,19.1475,72.9237,fulfilled,true,42,2.0.0,2026-09-18T12:00:00Z
50224,2026-08-18T19:18:00Z,K/W,Andheri West / Versova,5000,+91-9746022887,0.44,19.1206,72.8351,fulfilled,true,42,2.0.0,2026-09-18T12:00:00Z
50225,2026-08-18T16:14:00Z,K/E,Andheri East / Marol,1000,+91-9766856872,0.65,19.1144,72.8618,fulfilled,true,42,2.0.0,2026-09-18T12:00:00Z
50226,2026-08-18T22:20:00Z,R/C,Borivali / Gorai,10000,+91-9784530325,0.46,19.2319,72.8566,fulfilled,true,42,2.0.0,2026-09-18T12:00:00Z
50227,2026-08-18T08:44:00Z,R/S,Kandivali West & East,1000,+91-9722089568,0.52,19.2051,72.8484,fulfilled,true,42,2.0.0,2026-09-18T12:00:00Z
50228,2026-08-18T13:46:00Z,H/E,Bandra East / Santacruz East,2000,+91-9760139552,0.71,19.0696,72.8432,fulfilled,true,42,2.0.0,2026-09-18T12:00:00Z
50229,2026-08-18T15:00:00Z,P/N,Malad / Marve / Malvani,1000,+91-9743609718,0.79,19.1879,72.8429,fulfilled,true,42,2.0.0,2026-09-18T12:00:00Z
50230,2026-08-18T14:52:00Z,F/N,Matunga / Sion / Wadala,5000,+91-9770236217,0.74,19.0348,72.8544,fulfilled,true,42,2.0.0,2026-09-18T12:00:00Z
50231,2026-08-18T16:38:00Z,L,Kurla / Asalpha / Sakinaka,10000,+91-9719964787,0.88,19.0754,72.8874,fulfilled,true,42,2.0.0,2026-09-18T12:00:00Z
50232,2026-08-19T19:07:00Z,L,Kurla / Asalpha / Sakinaka,2000,+91-9771932022,0.88,19.0798,72.8836,fulfilled,true,42,2.0.0,2026-09-18T12:00:00Z
50233,2026-08-19T22:36:00Z,M/E,Govandi / Mankhurd / Shivaji Nagar,10000,+91-9796306594,0.96,19.0603,72.923,fulfilled,true,42,2.0.0,2026-09-18T12:00:00Z
50234,2026-08-19T11:33:00Z,R/N,Dahisar / Mandapeshwar,2000,+91-9745737272,0.42,19.2515,72.8569,fulfilled,true,42,2.0.0,2026-09-18T12:00:00Z
50235,2026-08-19T13:08:00Z,K/E,Andheri East / Marol,2000,+91-9742035307,0.65,19.1127,72.8666,fulfilled,true,42,2.0.0,2026-09-18T12:00:00Z
50236,2026-08-19T07:09:00Z,F/S,Parel / Sewri / Lalbaug,2000,+91-9742109914,0.42,19.0015,72.8474,fulfilled,true,42,2.0.0,2026-09-18T12:00:00Z
50237,2026-08-19T15:12:00Z,R/S,Kandivali West & East,2000,+91-9713298985,0.52,19.2029,72.8455,fulfilled,true,42,2.0.0,2026-09-18T12:00:00Z
50238,2026-08-19T12:13:00Z,N,Ghatkopar / Pant Nagar,10000,+91-9735182929,0.61,19.0801,72.9116,fulfilled,true,42,2.0.0,2026-09-18T12:00:00Z
50239,2026-08-19T06:30:00Z,F/N,Matunga / Sion / Wadala,1000,+91-9713953532,0.74,19.0216,72.864,fulfilled,true,42,2.0.0,2026-09-18T12:00:00Z
50240,2026-08-19T06:59:00Z,C,Marine Lines / Chandanwadi,5000,+91-9759832568,0.32,18.9442,72.8286,fulfilled,true,42,2.0.0,2026-09-18T12:00:00Z
50241,2026-08-19T17:10:00Z,B,Sandhurst Road / Dongri,10000,+91-9735627524,0.4,18.9485,72.8459,fulfilled,true,42,2.0.0,2026-09-18T12:00:00Z
50242,2026-08-19T08:00:00Z,K/W,Andheri West / Versova,1000,+91-9725289766,0.44,19.1226,72.8361,fulfilled,true,42,2.0.0,2026-09-18T12:00:00Z
50243,2026-08-19T08:39:00Z,A,Colaba / Fort / Nariman Point,5000,+91-9761917534,0.22,18.926,72.8376,fulfilled,true,42,2.0.0,2026-09-18T12:00:00Z
50244,2026-08-19T06:39:00Z,C,Marine Lines / Chandanwadi,10000,+91-9758210821,0.32,18.9543,72.827,fulfilled,true,42,2.0.0,2026-09-18T12:00:00Z
50245,2026-08-19T17:31:00Z,A,Colaba / Fort / Nariman Point,2000,+91-9796619099,0.22,18.922,72.836,fulfilled,true,42,2.0.0,2026-09-18T12:00:00Z
50246,2026-08-19T11:39:00Z,M/E,Govandi / Mankhurd / Shivaji Nagar,1000,+91-9739892551,0.96,19.0545,72.9202,fulfilled,true,42,2.0.0,2026-09-18T12:00:00Z
50247,2026-08-19T12:57:00Z,K/E,Andheri East / Marol,10000,+91-9713202279,0.65,19.1056,72.8621,fulfilled,true,42,2.0.0,2026-09-18T12:00:00Z
50248,2026-08-19T10:41:00Z,E,Byculla / Mazgaon / Nagpada,10000,+91-9747138058,0.48,18.9774,72.8268,fulfilled,true,42,2.0.0,2026-09-18T12:00:00Z
50249,2026-08-19T05:53:00Z,R/N,Dahisar / Mandapeshwar,2000,+91-9778402353,0.42,19.2615,72.8651,fulfilled,true,42,2.0.0,2026-09-18T12:00:00Z
50250,2026-08-19T06:29:00Z,F/S,Parel / Sewri / Lalbaug,10000,+91-9783153554,0.42,18.9911,72.8452,fulfilled,true,42,2.0.0,2026-09-18T12:00:00Z
50251,2026-08-19T21:05:00Z,R/N,Dahisar / Mandapeshwar,2000,+91-9734488037,0.42,19.2495,72.8527,fulfilled,true,42,2.0.0,2026-09-18T12:00:00Z
50252,2026-08-19T16:31:00Z,D,Malabar Hill / Walkeshwar,5000,+91-9791652217,0.16,18.958,72.8168,fulfilled,true,42,2.0.0,2026-09-18T12:00:00Z
50253,2026-08-19T08:41:00Z,T,Mulund / Nahur,5000,+91-9732493285,0.48,19.1668,72.9595,fulfilled,true,42,2.0.0,2026-09-18T12:00:00Z
50254,2026-08-19T16:42:00Z,R/C,Borivali / Gorai,2000,+91-9756389170,0.46,19.2246,72.8511,fulfilled,true,42,2.0.0,2026-09-18T12:00:00Z
50255,2026-08-19T22:07:00Z,G/N,Dharavi / Mahim / Dadar West,5000,+91-9756278497,0.93,19.0462,72.8513,fulfilled,true,42,2.0.0,2026-09-18T12:00:00Z
50256,2026-08-19T17:09:00Z,B,Sandhurst Road / Dongri,1000,+91-9754725519,0.4,18.9542,72.8317,fulfilled,true,42,2.0.0,2026-09-18T12:00:00Z
50257,2026-08-19T07:32:00Z,F/N,Matunga / Sion / Wadala,5000,+91-9720398150,0.74,19.0296,72.8496,fulfilled,true,42,2.0.0,2026-09-18T12:00:00Z
50258,2026-08-19T20:58:00Z,H/W,Bandra West / Khar,10000,+91-9722555620,0.28,19.0537,72.8396,fulfilled,true,42,2.0.0,2026-09-18T12:00:00Z
50259,2026-08-19T18:25:00Z,G/S,Worli / Lower Parel,10000,+91-9792804874,0.36,19.0084,72.8176,fulfilled,true,42,2.0.0,2026-09-18T12:00:00Z
50260,2026-08-19T18:19:00Z,B,Sandhurst Road / Dongri,1000,+91-9795254395,0.4,18.9573,72.8358,fulfilled,true,42,2.0.0,2026-09-18T12:00:00Z
50261,2026-08-19T11:26:00Z,N,Ghatkopar / Pant Nagar,2000,+91-9783278683,0.61,19.0888,72.9002,fulfilled,true,42,2.0.0,2026-09-18T12:00:00Z
50262,2026-08-19T05:26:00Z,K/E,Andheri East / Marol,5000,+91-9794855570,0.65,19.1143,72.8689,fulfilled,true,42,2.0.0,2026-09-18T12:00:00Z
50263,2026-08-19T10:01:00Z,M/W,Chembur West / Tilak Nagar,1000,+91-9757015139,0.55,19.0544,72.892,fulfilled,true,42,2.0.0,2026-09-18T12:00:00Z
50264,2026-08-19T11:09:00Z,H/E,Bandra East / Santacruz East,1000,+91-9737182648,0.71,19.0542,72.8582,fulfilled,true,42,2.0.0,2026-09-18T12:00:00Z
50265,2026-08-19T07:17:00Z,E,Byculla / Mazgaon / Nagpada,2000,+91-9791510288,0.48,18.9657,72.8317,fulfilled,true,42,2.0.0,2026-09-18T12:00:00Z
50266,2026-08-19T16:50:00Z,C,Marine Lines / Chandanwadi,2000,+91-9760126635,0.32,18.9434,72.8288,fulfilled,true,42,2.0.0,2026-09-18T12:00:00Z
50267,2026-08-19T17:41:00Z,M/W,Chembur West / Tilak Nagar,2000,+91-9795953784,0.55,19.0531,72.9032,fulfilled,true,42,2.0.0,2026-09-18T12:00:00Z
50268,2026-08-19T17:19:00Z,G/N,Dharavi / Mahim / Dadar West,10000,+91-9722399290,0.93,19.0433,72.8527,fulfilled,true,42,2.0.0,2026-09-18T12:00:00Z
50269,2026-08-19T05:05:00Z,G/S,Worli / Lower Parel,1000,+91-9747386958,0.36,19.0088,72.8206,fulfilled,true,42,2.0.0,2026-09-18T12:00:00Z
50270,2026-08-19T19:53:00Z,M/W,Chembur West / Tilak Nagar,2000,+91-9713967609,0.55,19.0584,72.8956,fulfilled,true,42,2.0.0,2026-09-18T12:00:00Z
50271,2026-08-19T11:17:00Z,L,Kurla / Asalpha / Sakinaka,2000,+91-9717124969,0.88,19.0691,72.8859,fulfilled,true,42,2.0.0,2026-09-18T12:00:00Z
50272,2026-08-19T07:08:00Z,G/S,Worli / Lower Parel,1000,+91-9760465236,0.36,19.004,72.8216,fulfilled,true,42,2.0.0,2026-09-18T12:00:00Z
50273,2026-08-19T06:47:00Z,M/E,Govandi / Mankhurd / Shivaji Nagar,10000,+91-9785344447,0.96,19.0602,72.9243,fulfilled,true,42,2.0.0,2026-09-18T12:00:00Z
50274,2026-08-20T07:24:00Z,P/N,Malad / Marve / Malvani,5000,+91-9796232602,0.79,19.1922,72.843,fulfilled,true,42,2.0.0,2026-09-18T12:00:00Z
50275,2026-08-20T09:13:00Z,K/E,Andheri East / Marol,5000,+91-9771804300,0.65,19.107,72.8734,fulfilled,true,42,2.0.0,2026-09-18T12:00:00Z
50276,2026-08-20T09:35:00Z,R/S,Kandivali West & East,5000,+91-9763214435,0.52,19.2078,72.8464,fulfilled,true,42,2.0.0,2026-09-18T12:00:00Z
50277,2026-08-20T10:02:00Z,H/W,Bandra West / Khar,2000,+91-9714015257,0.28,19.0514,72.8333,fulfilled,true,42,2.0.0,2026-09-18T12:00:00Z
50278,2026-08-20T11:20:00Z,D,Malabar Hill / Walkeshwar,1000,+91-9758354342,0.16,18.9682,72.8059,fulfilled,true,42,2.0.0,2026-09-18T12:00:00Z
50279,2026-08-20T16:18:00Z,H/E,Bandra East / Santacruz East,1000,+91-9752432953,0.71,19.054,72.8577,fulfilled,true,42,2.0.0,2026-09-18T12:00:00Z
50280,2026-08-20T06:25:00Z,P/S,Goregaon West & East,5000,+91-9799669014,0.58,19.1669,72.8464,fulfilled,true,42,2.0.0,2026-09-18T12:00:00Z
50281,2026-08-20T21:46:00Z,R/N,Dahisar / Mandapeshwar,1000,+91-9747912374,0.42,19.2538,72.8622,fulfilled,true,42,2.0.0,2026-09-18T12:00:00Z
50282,2026-08-20T15:02:00Z,L,Kurla / Asalpha / Sakinaka,5000,+91-9747996022,0.88,19.0681,72.8797,fulfilled,true,42,2.0.0,2026-09-18T12:00:00Z
50283,2026-08-20T18:00:00Z,F/N,Matunga / Sion / Wadala,2000,+91-9747562710,0.74,19.019,72.858,fulfilled,true,42,2.0.0,2026-09-18T12:00:00Z
50284,2026-08-20T17:16:00Z,F/N,Matunga / Sion / Wadala,5000,+91-9713396489,0.74,19.019,72.85,fulfilled,true,42,2.0.0,2026-09-18T12:00:00Z
50285,2026-08-20T05:41:00Z,E,Byculla / Mazgaon / Nagpada,2000,+91-9782261012,0.48,18.9755,72.8346,fulfilled,true,42,2.0.0,2026-09-18T12:00:00Z
50286,2026-08-20T17:44:00Z,B,Sandhurst Road / Dongri,5000,+91-9750230333,0.4,18.9553,72.8312,fulfilled,true,42,2.0.0,2026-09-18T12:00:00Z
50287,2026-08-20T12:03:00Z,F/S,Parel / Sewri / Lalbaug,1000,+91-9742500794,0.42,18.9984,72.8482,fulfilled,true,42,2.0.0,2026-09-18T12:00:00Z
50288,2026-08-20T11:42:00Z,M/W,Chembur West / Tilak Nagar,2000,+91-9789525393,0.55,19.057,72.9031,fulfilled,true,42,2.0.0,2026-09-18T12:00:00Z
50289,2026-08-20T06:10:00Z,G/S,Worli / Lower Parel,5000,+91-9742352616,0.36,19.0044,72.8178,fulfilled,true,42,2.0.0,2026-09-18T12:00:00Z
50290,2026-08-20T05:14:00Z,N,Ghatkopar / Pant Nagar,1000,+91-9778649593,0.61,19.08,72.9126,fulfilled,true,42,2.0.0,2026-09-18T12:00:00Z
50291,2026-08-20T22:02:00Z,N,Ghatkopar / Pant Nagar,10000,+91-9745005382,0.61,19.0756,72.9149,fulfilled,true,42,2.0.0,2026-09-18T12:00:00Z
50292,2026-08-20T19:06:00Z,M/E,Govandi / Mankhurd / Shivaji Nagar,10000,+91-9776993416,0.96,19.0521,72.9211,fulfilled,true,42,2.0.0,2026-09-18T12:00:00Z
50293,2026-08-20T08:18:00Z,C,Marine Lines / Chandanwadi,1000,+91-9789939006,0.32,18.9466,72.823,fulfilled,true,42,2.0.0,2026-09-18T12:00:00Z
50294,2026-08-20T21:34:00Z,G/S,Worli / Lower Parel,10000,+91-9719974379,0.36,18.9991,72.8169,fulfilled,true,42,2.0.0,2026-09-18T12:00:00Z
50295,2026-08-20T20:18:00Z,D,Malabar Hill / Walkeshwar,10000,+91-9748191685,0.16,18.9606,72.8087,fulfilled,true,42,2.0.0,2026-09-18T12:00:00Z
50296,2026-08-20T19:35:00Z,T,Mulund / Nahur,1000,+91-9774572901,0.48,19.1776,72.9577,fulfilled,true,42,2.0.0,2026-09-18T12:00:00Z
50297,2026-08-20T10:21:00Z,E,Byculla / Mazgaon / Nagpada,2000,+91-9726910211,0.48,18.9661,72.8359,fulfilled,true,42,2.0.0,2026-09-18T12:00:00Z
50298,2026-08-20T13:25:00Z,P/N,Malad / Marve / Malvani,1000,+91-9784818700,0.79,19.1887,72.8535,fulfilled,true,42,2.0.0,2026-09-18T12:00:00Z
50299,2026-08-20T19:26:00Z,D,Malabar Hill / Walkeshwar,5000,+91-9795989474,0.16,18.9562,72.807,fulfilled,true,42,2.0.0,2026-09-18T12:00:00Z
50300,2026-08-20T21:11:00Z,K/E,Andheri East / Marol,10000,+91-9735661955,0.65,19.1076,72.8666,fulfilled,true,42,2.0.0,2026-09-18T12:00:00Z
50301,2026-08-20T06:45:00Z,R/S,Kandivali West & East,5000,+91-9786139270,0.52,19.2036,72.844,fulfilled,true,42,2.0.0,2026-09-18T12:00:00Z
50302,2026-08-20T16:27:00Z,M/W,Chembur West / Tilak Nagar,5000,+91-9787274013,0.55,19.0623,72.9058,fulfilled,true,42,2.0.0,2026-09-18T12:00:00Z
50303,2026-08-20T19:14:00Z,M/W,Chembur West / Tilak Nagar,1000,+91-9761567991,0.55,19.0628,72.8988,fulfilled,true,42,2.0.0,2026-09-18T12:00:00Z
50304,2026-08-20T20:26:00Z,N,Ghatkopar / Pant Nagar,5000,+91-9722176879,0.61,19.077,72.9113,fulfilled,true,42,2.0.0,2026-09-18T12:00:00Z
50305,2026-08-20T08:07:00Z,T,Mulund / Nahur,1000,+91-9712391290,0.48,19.1718,72.9572,fulfilled,true,42,2.0.0,2026-09-18T12:00:00Z
50306,2026-08-20T22:14:00Z,T,Mulund / Nahur,5000,+91-9717165095,0.48,19.1695,72.9561,fulfilled,true,42,2.0.0,2026-09-18T12:00:00Z
50307,2026-08-20T12:58:00Z,H/W,Bandra West / Khar,1000,+91-9747564969,0.28,19.0629,72.8324,fulfilled,true,42,2.0.0,2026-09-18T12:00:00Z
50308,2026-08-20T09:48:00Z,H/W,Bandra West / Khar,5000,+91-9741495982,0.28,19.05,72.8278,fulfilled,true,42,2.0.0,2026-09-18T12:00:00Z
50309,2026-08-20T12:11:00Z,H/E,Bandra East / Santacruz East,2000,+91-9743382905,0.71,19.0682,72.8492,fulfilled,true,42,2.0.0,2026-09-18T12:00:00Z
50310,2026-08-20T20:41:00Z,G/N,Dharavi / Mahim / Dadar West,5000,+91-9764417451,0.93,19.038,72.8529,fulfilled,true,42,2.0.0,2026-09-18T12:00:00Z
50311,2026-08-20T14:36:00Z,M/E,Govandi / Mankhurd / Shivaji Nagar,5000,+91-9793659216,0.96,19.052,72.9215,fulfilled,true,42,2.0.0,2026-09-18T12:00:00Z
50312,2026-08-20T18:28:00Z,M/W,Chembur West / Tilak Nagar,10000,+91-9779028272,0.55,19.0682,72.8963,fulfilled,true,42,2.0.0,2026-09-18T12:00:00Z
50313,2026-08-20T22:50:00Z,M/E,Govandi / Mankhurd / Shivaji Nagar,2000,+91-9759024162,0.96,19.056,72.9158,fulfilled,true,42,2.0.0,2026-09-18T12:00:00Z
50314,2026-08-20T19:26:00Z,K/E,Andheri East / Marol,2000,+91-9743733933,0.65,19.1146,72.8736,fulfilled,true,42,2.0.0,2026-09-18T12:00:00Z
50315,2026-08-20T09:28:00Z,R/S,Kandivali West & East,5000,+91-9771225460,0.52,19.2058,72.8535,fulfilled,true,42,2.0.0,2026-09-18T12:00:00Z
50316,2026-08-20T17:53:00Z,P/N,Malad / Marve / Malvani,5000,+91-9749027796,0.79,19.1867,72.8431,fulfilled,true,42,2.0.0,2026-09-18T12:00:00Z
50317,2026-08-20T19:40:00Z,B,Sandhurst Road / Dongri,5000,+91-9716940627,0.4,18.947,72.8427,fulfilled,true,42,2.0.0,2026-09-18T12:00:00Z
50318,2026-08-20T12:01:00Z,N,Ghatkopar / Pant Nagar,2000,+91-9715214592,0.61,19.0788,72.9003,fulfilled,true,42,2.0.0,2026-09-18T12:00:00Z
50319,2026-08-20T14:06:00Z,D,Malabar Hill / Walkeshwar,1000,+91-9732005167,0.16,18.9646,72.8164,fulfilled,true,42,2.0.0,2026-09-18T12:00:00Z
50320,2026-08-20T15:22:00Z,F/S,Parel / Sewri / Lalbaug,2000,+91-9795121029,0.42,18.9902,72.8469,fulfilled,true,42,2.0.0,2026-09-18T12:00:00Z
50321,2026-08-20T13:36:00Z,T,Mulund / Nahur,10000,+91-9711961688,0.48,19.1771,72.9602,fulfilled,true,42,2.0.0,2026-09-18T12:00:00Z
50322,2026-08-20T10:06:00Z,G/N,Dharavi / Mahim / Dadar West,5000,+91-9787056457,0.93,19.0373,72.8411,fulfilled,true,42,2.0.0,2026-09-18T12:00:00Z
50323,2026-08-20T14:40:00Z,K/W,Andheri West / Versova,10000,+91-9794019647,0.44,19.1292,72.8311,fulfilled,true,42,2.0.0,2026-09-18T12:00:00Z
50324,2026-08-20T16:35:00Z,E,Byculla / Mazgaon / Nagpada,2000,+91-9727618470,0.48,18.9703,72.8384,fulfilled,true,42,2.0.0,2026-09-18T12:00:00Z
50325,2026-08-20T17:48:00Z,G/N,Dharavi / Mahim / Dadar West,5000,+91-9793468120,0.93,19.0374,72.8461,fulfilled,true,42,2.0.0,2026-09-18T12:00:00Z
50326,2026-08-21T05:12:00Z,K/W,Andheri West / Versova,1000,+91-9728087321,0.44,19.1325,72.8327,fulfilled,true,42,2.0.0,2026-09-18T12:00:00Z
50327,2026-08-21T16:28:00Z,D,Malabar Hill / Walkeshwar,2000,+91-9777905249,0.16,18.9534,72.8061,fulfilled,true,42,2.0.0,2026-09-18T12:00:00Z
50328,2026-08-21T17:31:00Z,T,Mulund / Nahur,2000,+91-9737870504,0.48,19.1795,72.9555,fulfilled,true,42,2.0.0,2026-09-18T12:00:00Z
50329,2026-08-21T06:56:00Z,E,Byculla / Mazgaon / Nagpada,1000,+91-9740801817,0.48,18.9667,72.827,fulfilled,true,42,2.0.0,2026-09-18T12:00:00Z
50330,2026-08-21T05:25:00Z,F/S,Parel / Sewri / Lalbaug,5000,+91-9733765452,0.42,18.9999,72.8438,fulfilled,true,42,2.0.0,2026-09-18T12:00:00Z
50331,2026-08-21T07:36:00Z,R/S,Kandivali West & East,10000,+91-9747909906,0.52,19.2078,72.8431,fulfilled,true,42,2.0.0,2026-09-18T12:00:00Z
50332,2026-08-21T19:37:00Z,M/W,Chembur West / Tilak Nagar,5000,+91-9735456486,0.55,19.0609,72.8948,fulfilled,true,42,2.0.0,2026-09-18T12:00:00Z
50333,2026-08-21T22:13:00Z,T,Mulund / Nahur,1000,+91-9731235520,0.48,19.1787,72.9547,fulfilled,true,42,2.0.0,2026-09-18T12:00:00Z
50334,2026-08-21T05:18:00Z,C,Marine Lines / Chandanwadi,5000,+91-9744293198,0.32,18.9558,72.8269,fulfilled,true,42,2.0.0,2026-09-18T12:00:00Z
50335,2026-08-21T14:41:00Z,A,Colaba / Fort / Nariman Point,1000,+91-9772708340,0.22,18.9153,72.8268,fulfilled,true,42,2.0.0,2026-09-18T12:00:00Z
50336,2026-08-21T21:16:00Z,H/W,Bandra West / Khar,5000,+91-9752820973,0.28,19.0643,72.8366,fulfilled,true,42,2.0.0,2026-09-18T12:00:00Z
50337,2026-08-21T08:06:00Z,S,Bhandup / Kanjurmarg / Powai,2000,+91-9780221623,0.69,19.1414,72.9228,fulfilled,true,42,2.0.0,2026-09-18T12:00:00Z
50338,2026-08-21T12:45:00Z,C,Marine Lines / Chandanwadi,5000,+91-9793832891,0.32,18.9506,72.8173,fulfilled,true,42,2.0.0,2026-09-18T12:00:00Z
50339,2026-08-21T14:42:00Z,D,Malabar Hill / Walkeshwar,5000,+91-9732577832,0.16,18.9668,72.8101,fulfilled,true,42,2.0.0,2026-09-18T12:00:00Z
50340,2026-08-21T08:19:00Z,A,Colaba / Fort / Nariman Point,2000,+91-9771955680,0.22,18.9178,72.8352,fulfilled,true,42,2.0.0,2026-09-18T12:00:00Z
50341,2026-08-21T05:46:00Z,S,Bhandup / Kanjurmarg / Powai,5000,+91-9785145892,0.69,19.1394,72.9211,fulfilled,true,42,2.0.0,2026-09-18T12:00:00Z
50342,2026-08-21T13:26:00Z,R/S,Kandivali West & East,2000,+91-9777255271,0.52,19.2123,72.8586,fulfilled,true,42,2.0.0,2026-09-18T12:00:00Z
50343,2026-08-21T09:03:00Z,F/N,Matunga / Sion / Wadala,2000,+91-9781617173,0.74,19.0293,72.8532,fulfilled,true,42,2.0.0,2026-09-18T12:00:00Z
50344,2026-08-21T16:08:00Z,C,Marine Lines / Chandanwadi,1000,+91-9734057315,0.32,18.9559,72.8272,fulfilled,true,42,2.0.0,2026-09-18T12:00:00Z
50345,2026-08-21T22:15:00Z,G/N,Dharavi / Mahim / Dadar West,5000,+91-9750503055,0.93,19.0502,72.845,fulfilled,true,42,2.0.0,2026-09-18T12:00:00Z
50346,2026-08-21T21:46:00Z,B,Sandhurst Road / Dongri,10000,+91-9738980959,0.4,18.9546,72.8406,fulfilled,true,42,2.0.0,2026-09-18T12:00:00Z
50347,2026-08-21T15:46:00Z,N,Ghatkopar / Pant Nagar,1000,+91-9742933624,0.61,19.0758,72.9027,fulfilled,true,42,2.0.0,2026-09-18T12:00:00Z
50348,2026-08-21T16:50:00Z,G/S,Worli / Lower Parel,10000,+91-9778044376,0.36,19.0073,72.8144,fulfilled,true,42,2.0.0,2026-09-18T12:00:00Z
50349,2026-08-21T05:32:00Z,N,Ghatkopar / Pant Nagar,10000,+91-9713470125,0.61,19.0875,72.9026,fulfilled,true,42,2.0.0,2026-09-18T12:00:00Z
50350,2026-08-21T06:24:00Z,R/C,Borivali / Gorai,2000,+91-9792725234,0.46,19.2237,72.85,fulfilled,true,42,2.0.0,2026-09-18T12:00:00Z
50351,2026-08-21T16:15:00Z,N,Ghatkopar / Pant Nagar,5000,+91-9750797122,0.61,19.0895,72.912,fulfilled,true,42,2.0.0,2026-09-18T12:00:00Z
50352,2026-08-21T08:01:00Z,A,Colaba / Fort / Nariman Point,5000,+91-9753234826,0.22,18.9283,72.8329,fulfilled,true,42,2.0.0,2026-09-18T12:00:00Z
50353,2026-08-21T22:53:00Z,F/S,Parel / Sewri / Lalbaug,5000,+91-9719936149,0.42,18.9981,72.8471,fulfilled,true,42,2.0.0,2026-09-18T12:00:00Z
50354,2026-08-21T21:03:00Z,L,Kurla / Asalpha / Sakinaka,10000,+91-9741018457,0.88,19.0755,72.8765,fulfilled,true,42,2.0.0,2026-09-18T12:00:00Z
50355,2026-08-21T11:10:00Z,D,Malabar Hill / Walkeshwar,5000,+91-9729504322,0.16,18.9613,72.8193,fulfilled,true,42,2.0.0,2026-09-18T12:00:00Z
50356,2026-08-21T14:55:00Z,G/S,Worli / Lower Parel,1000,+91-9752609334,0.36,19.0006,72.8254,fulfilled,true,42,2.0.0,2026-09-18T12:00:00Z
50357,2026-08-21T09:49:00Z,E,Byculla / Mazgaon / Nagpada,10000,+91-9736335288,0.48,18.9703,72.8329,fulfilled,true,42,2.0.0,2026-09-18T12:00:00Z
50358,2026-08-21T14:31:00Z,K/W,Andheri West / Versova,5000,+91-9793225955,0.44,19.1234,72.8369,fulfilled,true,42,2.0.0,2026-09-18T12:00:00Z
50359,2026-08-21T05:09:00Z,L,Kurla / Asalpha / Sakinaka,10000,+91-9762166323,0.88,19.0703,72.8752,fulfilled,true,42,2.0.0,2026-09-18T12:00:00Z
50360,2026-08-21T21:48:00Z,A,Colaba / Fort / Nariman Point,1000,+91-9785857836,0.22,18.9194,72.8343,fulfilled,true,42,2.0.0,2026-09-18T12:00:00Z
50361,2026-08-21T19:42:00Z,H/E,Bandra East / Santacruz East,1000,+91-9770963119,0.71,19.0609,72.8458,fulfilled,true,42,2.0.0,2026-09-18T12:00:00Z
50362,2026-08-21T18:49:00Z,R/N,Dahisar / Mandapeshwar,10000,+91-9739221274,0.42,19.261,72.8601,fulfilled,true,42,2.0.0,2026-09-18T12:00:00Z
50363,2026-08-21T14:37:00Z,T,Mulund / Nahur,2000,+91-9745284497,0.48,19.1771,72.9588,fulfilled,true,42,2.0.0,2026-09-18T12:00:00Z
50364,2026-08-21T12:46:00Z,P/S,Goregaon West & East,2000,+91-9747897573,0.58,19.1582,72.8374,fulfilled,true,42,2.0.0,2026-09-18T12:00:00Z
50365,2026-08-21T18:52:00Z,H/E,Bandra East / Santacruz East,2000,+91-9746620817,0.71,19.0615,72.8499,fulfilled,true,42,2.0.0,2026-09-18T12:00:00Z
50366,2026-08-21T09:41:00Z,T,Mulund / Nahur,1000,+91-9764786069,0.48,19.1796,72.9502,fulfilled,true,42,2.0.0,2026-09-18T12:00:00Z
50367,2026-08-21T15:36:00Z,D,Malabar Hill / Walkeshwar,1000,+91-9726897826,0.16,18.9629,72.8109,fulfilled,true,42,2.0.0,2026-09-18T12:00:00Z
50368,2026-08-21T11:48:00Z,B,Sandhurst Road / Dongri,1000,+91-9750950234,0.4,18.9471,72.8376,fulfilled,true,42,2.0.0,2026-09-18T12:00:00Z
50369,2026-08-21T06:15:00Z,G/N,Dharavi / Mahim / Dadar West,10000,+91-9729964110,0.93,19.0472,72.852,fulfilled,true,42,2.0.0,2026-09-18T12:00:00Z
50370,2026-08-21T11:47:00Z,F/S,Parel / Sewri / Lalbaug,10000,+91-9748866732,0.42,18.9919,72.842,fulfilled,true,42,2.0.0,2026-09-18T12:00:00Z
50371,2026-08-21T21:47:00Z,A,Colaba / Fort / Nariman Point,10000,+91-9797832453,0.22,18.9173,72.8291,fulfilled,true,42,2.0.0,2026-09-18T12:00:00Z
50372,2026-08-21T08:52:00Z,G/S,Worli / Lower Parel,1000,+91-9722772432,0.36,19.0073,72.8191,fulfilled,true,42,2.0.0,2026-09-18T12:00:00Z
50373,2026-08-21T10:10:00Z,H/E,Bandra East / Santacruz East,5000,+91-9752569133,0.71,19.0664,72.8508,fulfilled,true,42,2.0.0,2026-09-18T12:00:00Z
50374,2026-08-21T17:26:00Z,D,Malabar Hill / Walkeshwar,5000,+91-9791689776,0.16,18.9622,72.8119,fulfilled,true,42,2.0.0,2026-09-18T12:00:00Z
50375,2026-08-21T17:41:00Z,F/N,Matunga / Sion / Wadala,1000,+91-9775585037,0.74,19.0327,72.8587,fulfilled,true,42,2.0.0,2026-09-18T12:00:00Z
50376,2026-08-21T16:09:00Z,G/N,Dharavi / Mahim / Dadar West,10000,+91-9736824313,0.93,19.0508,72.8482,fulfilled,true,42,2.0.0,2026-09-18T12:00:00Z
50377,2026-08-21T16:26:00Z,G/N,Dharavi / Mahim / Dadar West,1000,+91-9770480949,0.93,19.0493,72.8468,fulfilled,true,42,2.0.0,2026-09-18T12:00:00Z
50378,2026-08-21T21:18:00Z,D,Malabar Hill / Walkeshwar,5000,+91-9772824969,0.16,18.9663,72.8166,fulfilled,true,42,2.0.0,2026-09-18T12:00:00Z
50379,2026-08-22T15:38:00Z,D,Malabar Hill / Walkeshwar,1000,+91-9738910288,0.16,18.961,72.8171,fulfilled,true,42,2.0.0,2026-09-18T12:00:00Z
50380,2026-08-22T09:00:00Z,K/E,Andheri East / Marol,1000,+91-9756086943,0.65,19.1127,72.8748,fulfilled,true,42,2.0.0,2026-09-18T12:00:00Z
50381,2026-08-22T14:08:00Z,F/S,Parel / Sewri / Lalbaug,5000,+91-9740212681,0.42,18.9943,72.8472,fulfilled,true,42,2.0.0,2026-09-18T12:00:00Z
50382,2026-08-22T18:43:00Z,P/N,Malad / Marve / Malvani,2000,+91-9724463267,0.79,19.1801,72.8512,fulfilled,true,42,2.0.0,2026-09-18T12:00:00Z
50383,2026-08-22T14:59:00Z,R/S,Kandivali West & East,1000,+91-9780012964,0.52,19.2016,72.853,fulfilled,true,42,2.0.0,2026-09-18T12:00:00Z
50384,2026-08-22T10:52:00Z,T,Mulund / Nahur,1000,+91-9720362080,0.48,19.1656,72.9511,fulfilled,true,42,2.0.0,2026-09-18T12:00:00Z
50385,2026-08-22T17:47:00Z,F/N,Matunga / Sion / Wadala,10000,+91-9736354891,0.74,19.0311,72.8642,fulfilled,true,42,2.0.0,2026-09-18T12:00:00Z
50386,2026-08-22T15:07:00Z,F/N,Matunga / Sion / Wadala,2000,+91-9710092944,0.74,19.0206,72.8559,fulfilled,true,42,2.0.0,2026-09-18T12:00:00Z
50387,2026-08-22T17:29:00Z,G/S,Worli / Lower Parel,2000,+91-9784794617,0.36,19.011,72.8266,fulfilled,true,42,2.0.0,2026-09-18T12:00:00Z
50388,2026-08-22T17:33:00Z,A,Colaba / Fort / Nariman Point,5000,+91-9728405104,0.22,18.928,72.8337,fulfilled,true,42,2.0.0,2026-09-18T12:00:00Z
50389,2026-08-22T10:59:00Z,B,Sandhurst Road / Dongri,5000,+91-9788733630,0.4,18.9517,72.8311,fulfilled,true,42,2.0.0,2026-09-18T12:00:00Z
50390,2026-08-22T09:04:00Z,E,Byculla / Mazgaon / Nagpada,10000,+91-9765847716,0.48,18.9715,72.8337,fulfilled,true,42,2.0.0,2026-09-18T12:00:00Z
50391,2026-08-22T12:52:00Z,L,Kurla / Asalpha / Sakinaka,1000,+91-9786240246,0.88,19.0762,72.8805,fulfilled,true,42,2.0.0,2026-09-18T12:00:00Z
50392,2026-08-22T07:20:00Z,S,Bhandup / Kanjurmarg / Powai,5000,+91-9775239255,0.69,19.142,72.9357,fulfilled,true,42,2.0.0,2026-09-18T12:00:00Z
50393,2026-08-22T18:33:00Z,F/N,Matunga / Sion / Wadala,5000,+91-9768100117,0.74,19.0298,72.8623,fulfilled,true,42,2.0.0,2026-09-18T12:00:00Z
50394,2026-08-22T12:27:00Z,H/W,Bandra West / Khar,2000,+91-9783563347,0.28,19.0598,72.8287,fulfilled,true,42,2.0.0,2026-09-18T12:00:00Z
50395,2026-08-22T07:30:00Z,F/N,Matunga / Sion / Wadala,5000,+91-9778990146,0.74,19.0193,72.858,fulfilled,true,42,2.0.0,2026-09-18T12:00:00Z
50396,2026-08-22T08:25:00Z,M/E,Govandi / Mankhurd / Shivaji Nagar,2000,+91-9773948988,0.96,19.0497,72.9258,fulfilled,true,42,2.0.0,2026-09-18T12:00:00Z
50397,2026-08-22T16:59:00Z,M/E,Govandi / Mankhurd / Shivaji Nagar,1000,+91-9774786312,0.96,19.0568,72.9224,fulfilled,true,42,2.0.0,2026-09-18T12:00:00Z
50398,2026-08-22T21:28:00Z,L,Kurla / Asalpha / Sakinaka,5000,+91-9761399910,0.88,19.0754,72.8898,fulfilled,true,42,2.0.0,2026-09-18T12:00:00Z
50399,2026-08-22T14:15:00Z,M/E,Govandi / Mankhurd / Shivaji Nagar,2000,+91-9751711900,0.96,19.0528,72.9162,fulfilled,true,42,2.0.0,2026-09-18T12:00:00Z
50400,2026-08-22T17:39:00Z,M/E,Govandi / Mankhurd / Shivaji Nagar,2000,+91-9766699322,0.96,19.0596,72.9104,fulfilled,true,42,2.0.0,2026-09-18T12:00:00Z
50401,2026-08-22T14:49:00Z,A,Colaba / Fort / Nariman Point,10000,+91-9779557167,0.22,18.9223,72.8339,fulfilled,true,42,2.0.0,2026-09-18T12:00:00Z
50402,2026-08-22T20:46:00Z,K/E,Andheri East / Marol,2000,+91-9744941775,0.65,19.1106,72.8659,fulfilled,true,42,2.0.0,2026-09-18T12:00:00Z
50403,2026-08-22T22:40:00Z,P/N,Malad / Marve / Malvani,5000,+91-9726098601,0.79,19.1883,72.8475,fulfilled,true,42,2.0.0,2026-09-18T12:00:00Z
50404,2026-08-22T20:43:00Z,R/C,Borivali / Gorai,2000,+91-9770086123,0.46,19.2354,72.852,fulfilled,true,42,2.0.0,2026-09-18T12:00:00Z
50405,2026-08-22T22:41:00Z,A,Colaba / Fort / Nariman Point,2000,+91-9729316227,0.22,18.9272,72.8362,fulfilled,true,42,2.0.0,2026-09-18T12:00:00Z
50406,2026-08-22T10:34:00Z,L,Kurla / Asalpha / Sakinaka,1000,+91-9756124214,0.88,19.0768,72.8867,fulfilled,true,42,2.0.0,2026-09-18T12:00:00Z
50407,2026-08-22T09:02:00Z,M/W,Chembur West / Tilak Nagar,2000,+91-9737205849,0.55,19.0598,72.8994,fulfilled,true,42,2.0.0,2026-09-18T12:00:00Z
50408,2026-08-22T07:04:00Z,F/S,Parel / Sewri / Lalbaug,2000,+91-9779698006,0.42,18.9976,72.8479,fulfilled,true,42,2.0.0,2026-09-18T12:00:00Z
50409,2026-08-22T08:29:00Z,C,Marine Lines / Chandanwadi,10000,+91-9751848431,0.32,18.95,72.8211,fulfilled,true,42,2.0.0,2026-09-18T12:00:00Z
50410,2026-08-22T09:55:00Z,D,Malabar Hill / Walkeshwar,10000,+91-9756024831,0.16,18.9648,72.8062,fulfilled,true,42,2.0.0,2026-09-18T12:00:00Z
50411,2026-08-22T06:01:00Z,H/W,Bandra West / Khar,10000,+91-9725787125,0.28,19.065,72.8371,fulfilled,true,42,2.0.0,2026-09-18T12:00:00Z
50412,2026-08-22T14:55:00Z,D,Malabar Hill / Walkeshwar,10000,+91-9722986082,0.16,18.9619,72.8069,fulfilled,true,42,2.0.0,2026-09-18T12:00:00Z
50413,2026-08-22T08:18:00Z,P/N,Malad / Marve / Malvani,2000,+91-9794612150,0.79,19.1919,72.8416,fulfilled,true,42,2.0.0,2026-09-18T12:00:00Z
50414,2026-08-22T09:04:00Z,B,Sandhurst Road / Dongri,5000,+91-9723255542,0.4,18.9523,72.8394,fulfilled,true,42,2.0.0,2026-09-18T12:00:00Z
50415,2026-08-22T05:17:00Z,G/N,Dharavi / Mahim / Dadar West,2000,+91-9736381067,0.93,19.0387,72.853,fulfilled,true,42,2.0.0,2026-09-18T12:00:00Z
50416,2026-08-22T11:26:00Z,R/N,Dahisar / Mandapeshwar,5000,+91-9775157204,0.42,19.2572,72.8526,fulfilled,true,42,2.0.0,2026-09-18T12:00:00Z
50417,2026-08-22T16:04:00Z,K/E,Andheri East / Marol,5000,+91-9776985537,0.65,19.1172,72.8659,fulfilled,true,42,2.0.0,2026-09-18T12:00:00Z
50418,2026-08-22T11:58:00Z,E,Byculla / Mazgaon / Nagpada,10000,+91-9798821683,0.48,18.9669,72.8309,fulfilled,true,42,2.0.0,2026-09-18T12:00:00Z
50419,2026-08-22T18:16:00Z,L,Kurla / Asalpha / Sakinaka,1000,+91-9768410768,0.88,19.075,72.8824,fulfilled,true,42,2.0.0,2026-09-18T12:00:00Z
50420,2026-08-22T16:55:00Z,A,Colaba / Fort / Nariman Point,2000,+91-9714035843,0.22,18.9147,72.831,fulfilled,true,42,2.0.0,2026-09-18T12:00:00Z
50421,2026-08-22T08:41:00Z,G/S,Worli / Lower Parel,5000,+91-9739668059,0.36,18.9993,72.8185,fulfilled,true,42,2.0.0,2026-09-18T12:00:00Z
50422,2026-08-22T17:52:00Z,L,Kurla / Asalpha / Sakinaka,1000,+91-9795042897,0.88,19.0764,72.8842,fulfilled,true,42,2.0.0,2026-09-18T12:00:00Z
50423,2026-08-22T07:14:00Z,F/S,Parel / Sewri / Lalbaug,10000,+91-9782476581,0.42,18.9934,72.8505,fulfilled,true,42,2.0.0,2026-09-18T12:00:00Z
50424,2026-08-22T17:23:00Z,E,Byculla / Mazgaon / Nagpada,1000,+91-9778932277,0.48,18.9721,72.8312,fulfilled,true,42,2.0.0,2026-09-18T12:00:00Z
50425,2026-08-22T09:25:00Z,B,Sandhurst Road / Dongri,1000,+91-9764596705,0.4,18.9551,72.8443,fulfilled,true,42,2.0.0,2026-09-18T12:00:00Z
50426,2026-08-22T09:14:00Z,H/E,Bandra East / Santacruz East,5000,+91-9719616763,0.71,19.0648,72.8509,fulfilled,true,42,2.0.0,2026-09-18T12:00:00Z
50427,2026-08-22T14:23:00Z,E,Byculla / Mazgaon / Nagpada,2000,+91-9778614092,0.48,18.9688,72.8273,fulfilled,true,42,2.0.0,2026-09-18T12:00:00Z
50428,2026-08-23T17:16:00Z,R/C,Borivali / Gorai,1000,+91-9712990984,0.46,19.2218,72.8601,fulfilled,true,42,2.0.0,2026-09-18T12:00:00Z
50429,2026-08-23T22:32:00Z,G/S,Worli / Lower Parel,2000,+91-9790944413,0.36,19.0111,72.8172,fulfilled,true,42,2.0.0,2026-09-18T12:00:00Z
50430,2026-08-23T16:59:00Z,P/N,Malad / Marve / Malvani,1000,+91-9760693774,0.79,19.1817,72.8479,fulfilled,true,42,2.0.0,2026-09-18T12:00:00Z
50431,2026-08-23T11:07:00Z,F/N,Matunga / Sion / Wadala,10000,+91-9794858319,0.74,19.0327,72.8613,fulfilled,true,42,2.0.0,2026-09-18T12:00:00Z
50432,2026-08-23T17:51:00Z,L,Kurla / Asalpha / Sakinaka,2000,+91-9790549436,0.88,19.0677,72.8823,fulfilled,true,42,2.0.0,2026-09-18T12:00:00Z
50433,2026-08-23T20:08:00Z,G/S,Worli / Lower Parel,2000,+91-9715436681,0.36,19.0027,72.8169,fulfilled,true,42,2.0.0,2026-09-18T12:00:00Z
50434,2026-08-23T20:04:00Z,F/S,Parel / Sewri / Lalbaug,2000,+91-9728105651,0.42,19.0054,72.8408,fulfilled,true,42,2.0.0,2026-09-18T12:00:00Z
50435,2026-08-23T10:45:00Z,E,Byculla / Mazgaon / Nagpada,2000,+91-9712048770,0.48,18.9657,72.8266,fulfilled,true,42,2.0.0,2026-09-18T12:00:00Z
50436,2026-08-23T10:41:00Z,T,Mulund / Nahur,2000,+91-9743060820,0.48,19.1679,72.9491,fulfilled,true,42,2.0.0,2026-09-18T12:00:00Z
50437,2026-08-23T18:40:00Z,R/S,Kandivali West & East,5000,+91-9712129521,0.52,19.211,72.8579,fulfilled,true,42,2.0.0,2026-09-18T12:00:00Z
50438,2026-08-23T17:24:00Z,S,Bhandup / Kanjurmarg / Powai,5000,+91-9739924551,0.69,19.1434,72.9349,fulfilled,true,42,2.0.0,2026-09-18T12:00:00Z
50439,2026-08-23T07:57:00Z,R/N,Dahisar / Mandapeshwar,10000,+91-9748404047,0.42,19.2559,72.8638,fulfilled,true,42,2.0.0,2026-09-18T12:00:00Z
50440,2026-08-23T05:14:00Z,L,Kurla / Asalpha / Sakinaka,5000,+91-9786427473,0.88,19.0755,72.8799,fulfilled,true,42,2.0.0,2026-09-18T12:00:00Z
50441,2026-08-23T18:17:00Z,R/N,Dahisar / Mandapeshwar,5000,+91-9726392830,0.42,19.2549,72.8657,fulfilled,true,42,2.0.0,2026-09-18T12:00:00Z
50442,2026-08-23T21:48:00Z,S,Bhandup / Kanjurmarg / Powai,2000,+91-9722607565,0.69,19.1456,72.9316,fulfilled,true,42,2.0.0,2026-09-18T12:00:00Z
50443,2026-08-23T06:30:00Z,S,Bhandup / Kanjurmarg / Powai,10000,+91-9745012722,0.69,19.135,72.9326,fulfilled,true,42,2.0.0,2026-09-18T12:00:00Z
50444,2026-08-23T16:56:00Z,R/N,Dahisar / Mandapeshwar,2000,+91-9724844131,0.42,19.2566,72.8659,fulfilled,true,42,2.0.0,2026-09-18T12:00:00Z
50445,2026-08-23T22:28:00Z,A,Colaba / Fort / Nariman Point,5000,+91-9750915603,0.22,18.929,72.8414,fulfilled,true,42,2.0.0,2026-09-18T12:00:00Z
50446,2026-08-23T22:36:00Z,R/N,Dahisar / Mandapeshwar,10000,+91-9754097694,0.42,19.2494,72.8571,fulfilled,true,42,2.0.0,2026-09-18T12:00:00Z
50447,2026-08-23T22:56:00Z,R/S,Kandivali West & East,5000,+91-9742719886,0.52,19.2101,72.8578,fulfilled,true,42,2.0.0,2026-09-18T12:00:00Z
50448,2026-08-23T22:05:00Z,H/W,Bandra West / Khar,10000,+91-9765214944,0.28,19.0579,72.8398,fulfilled,true,42,2.0.0,2026-09-18T12:00:00Z
50449,2026-08-23T11:13:00Z,R/C,Borivali / Gorai,10000,+91-9726877723,0.46,19.2364,72.86,fulfilled,true,42,2.0.0,2026-09-18T12:00:00Z
50450,2026-08-23T14:41:00Z,B,Sandhurst Road / Dongri,1000,+91-9756442752,0.4,18.9586,72.8396,fulfilled,true,42,2.0.0,2026-09-18T12:00:00Z
50451,2026-08-23T12:24:00Z,T,Mulund / Nahur,1000,+91-9759599269,0.48,19.1782,72.9626,fulfilled,true,42,2.0.0,2026-09-18T12:00:00Z
50452,2026-08-23T12:25:00Z,D,Malabar Hill / Walkeshwar,5000,+91-9748746174,0.16,18.9602,72.8075,fulfilled,true,42,2.0.0,2026-09-18T12:00:00Z
50453,2026-08-23T12:31:00Z,S,Bhandup / Kanjurmarg / Powai,10000,+91-9762041611,0.69,19.1384,72.9244,fulfilled,true,42,2.0.0,2026-09-18T12:00:00Z
50454,2026-08-23T07:43:00Z,N,Ghatkopar / Pant Nagar,1000,+91-9743102640,0.61,19.0785,72.9019,fulfilled,true,42,2.0.0,2026-09-18T12:00:00Z
50455,2026-08-23T12:59:00Z,F/S,Parel / Sewri / Lalbaug,2000,+91-9733392484,0.42,19.0043,72.8457,fulfilled,true,42,2.0.0,2026-09-18T12:00:00Z
50456,2026-08-23T17:35:00Z,G/S,Worli / Lower Parel,5000,+91-9757991907,0.36,19.0116,72.8262,fulfilled,true,42,2.0.0,2026-09-18T12:00:00Z
50457,2026-08-23T15:20:00Z,F/N,Matunga / Sion / Wadala,1000,+91-9778746561,0.74,19.0277,72.8635,fulfilled,true,42,2.0.0,2026-09-18T12:00:00Z
50458,2026-08-23T19:34:00Z,F/N,Matunga / Sion / Wadala,1000,+91-9774805421,0.74,19.0345,72.8609,fulfilled,true,42,2.0.0,2026-09-18T12:00:00Z
50459,2026-08-23T11:07:00Z,C,Marine Lines / Chandanwadi,2000,+91-9782663829,0.32,18.9504,72.8224,fulfilled,true,42,2.0.0,2026-09-18T12:00:00Z
50460,2026-08-23T20:36:00Z,M/E,Govandi / Mankhurd / Shivaji Nagar,5000,+91-9761594911,0.96,19.0577,72.9146,fulfilled,true,42,2.0.0,2026-09-18T12:00:00Z
50461,2026-08-23T17:58:00Z,H/W,Bandra West / Khar,1000,+91-9761390498,0.28,19.0583,72.8305,fulfilled,true,42,2.0.0,2026-09-18T12:00:00Z
50462,2026-08-23T07:50:00Z,H/E,Bandra East / Santacruz East,5000,+91-9762019994,0.71,19.069,72.8584,fulfilled,true,42,2.0.0,2026-09-18T12:00:00Z
50463,2026-08-23T19:46:00Z,M/W,Chembur West / Tilak Nagar,5000,+91-9731824528,0.55,19.0645,72.8903,fulfilled,true,42,2.0.0,2026-09-18T12:00:00Z
50464,2026-08-23T19:21:00Z,D,Malabar Hill / Walkeshwar,2000,+91-9721102934,0.16,18.959,72.8082,fulfilled,true,42,2.0.0,2026-09-18T12:00:00Z
50465,2026-08-23T16:59:00Z,A,Colaba / Fort / Nariman Point,10000,+91-9757761007,0.22,18.9278,72.8406,fulfilled,true,42,2.0.0,2026-09-18T12:00:00Z
50466,2026-08-23T14:26:00Z,P/S,Goregaon West & East,2000,+91-9724848131,0.58,19.1676,72.8514,fulfilled,true,42,2.0.0,2026-09-18T12:00:00Z
50467,2026-08-23T10:19:00Z,R/C,Borivali / Gorai,1000,+91-9776476733,0.46,19.2256,72.8588,fulfilled,true,42,2.0.0,2026-09-18T12:00:00Z
50468,2026-08-23T19:46:00Z,R/C,Borivali / Gorai,10000,+91-9769874684,0.46,19.2269,72.8531,fulfilled,true,42,2.0.0,2026-09-18T12:00:00Z
50469,2026-08-23T17:08:00Z,M/W,Chembur West / Tilak Nagar,1000,+91-9742842580,0.55,19.067,72.8967,fulfilled,true,42,2.0.0,2026-09-18T12:00:00Z
50470,2026-08-23T10:55:00Z,P/S,Goregaon West & East,5000,+91-9724296230,0.58,19.1581,72.851,fulfilled,true,42,2.0.0,2026-09-18T12:00:00Z
50471,2026-08-23T13:04:00Z,H/E,Bandra East / Santacruz East,1000,+91-9747316805,0.71,19.0632,72.8467,fulfilled,true,42,2.0.0,2026-09-18T12:00:00Z
50472,2026-08-23T10:21:00Z,R/C,Borivali / Gorai,1000,+91-9714635646,0.46,19.2354,72.8559,fulfilled,true,42,2.0.0,2026-09-18T12:00:00Z
50473,2026-08-23T10:25:00Z,N,Ghatkopar / Pant Nagar,5000,+91-9744792278,0.61,19.0904,72.9019,fulfilled,true,42,2.0.0,2026-09-18T12:00:00Z
50474,2026-08-24T12:19:00Z,H/W,Bandra West / Khar,5000,+91-9796086042,0.28,19.055,72.8253,fulfilled,true,42,2.0.0,2026-09-18T12:00:00Z
50475,2026-08-24T14:01:00Z,H/W,Bandra West / Khar,1000,+91-9771130198,0.28,19.0605,72.835,fulfilled,true,42,2.0.0,2026-09-18T12:00:00Z
50476,2026-08-24T17:11:00Z,G/S,Worli / Lower Parel,5000,+91-9773776723,0.36,19.003,72.829,fulfilled,true,42,2.0.0,2026-09-18T12:00:00Z
50477,2026-08-24T18:30:00Z,F/N,Matunga / Sion / Wadala,5000,+91-9755983465,0.74,19.0284,72.8578,fulfilled,true,42,2.0.0,2026-09-18T12:00:00Z
50478,2026-08-24T20:14:00Z,H/W,Bandra West / Khar,10000,+91-9771030078,0.28,19.056,72.8247,fulfilled,true,42,2.0.0,2026-09-18T12:00:00Z
50479,2026-08-24T19:17:00Z,A,Colaba / Fort / Nariman Point,1000,+91-9772715741,0.22,18.9165,72.8329,fulfilled,true,42,2.0.0,2026-09-18T12:00:00Z
50480,2026-08-24T18:51:00Z,E,Byculla / Mazgaon / Nagpada,5000,+91-9718497759,0.48,18.9747,72.8338,fulfilled,true,42,2.0.0,2026-09-18T12:00:00Z
50481,2026-08-24T20:12:00Z,C,Marine Lines / Chandanwadi,1000,+91-9724420714,0.32,18.9472,72.8239,fulfilled,true,42,2.0.0,2026-09-18T12:00:00Z
50482,2026-08-24T06:21:00Z,B,Sandhurst Road / Dongri,1000,+91-9744701672,0.4,18.9518,72.8317,fulfilled,true,42,2.0.0,2026-09-18T12:00:00Z
50483,2026-08-24T12:17:00Z,G/S,Worli / Lower Parel,5000,+91-9722135118,0.36,19.0007,72.8188,fulfilled,true,42,2.0.0,2026-09-18T12:00:00Z
50484,2026-08-24T05:26:00Z,R/S,Kandivali West & East,10000,+91-9770198732,0.52,19.2124,72.8518,fulfilled,true,42,2.0.0,2026-09-18T12:00:00Z
50485,2026-08-24T17:51:00Z,K/E,Andheri East / Marol,1000,+91-9724236637,0.65,19.1106,72.8674,fulfilled,true,42,2.0.0,2026-09-18T12:00:00Z
50486,2026-08-24T05:13:00Z,A,Colaba / Fort / Nariman Point,1000,+91-9717620306,0.22,18.9266,72.8298,fulfilled,true,42,2.0.0,2026-09-18T12:00:00Z
50487,2026-08-24T10:33:00Z,S,Bhandup / Kanjurmarg / Powai,1000,+91-9731193505,0.69,19.1455,72.9349,fulfilled,true,42,2.0.0,2026-09-18T12:00:00Z
50488,2026-08-24T17:51:00Z,D,Malabar Hill / Walkeshwar,5000,+91-9791566711,0.16,18.9607,72.8067,fulfilled,true,42,2.0.0,2026-09-18T12:00:00Z
50489,2026-08-24T10:06:00Z,G/S,Worli / Lower Parel,2000,+91-9741752082,0.36,18.9984,72.8153,fulfilled,true,42,2.0.0,2026-09-18T12:00:00Z
50490,2026-08-24T12:40:00Z,F/S,Parel / Sewri / Lalbaug,5000,+91-9721109811,0.42,18.9908,72.8377,fulfilled,true,42,2.0.0,2026-09-18T12:00:00Z
50491,2026-08-24T17:38:00Z,T,Mulund / Nahur,1000,+91-9740902492,0.48,19.1677,72.96,fulfilled,true,42,2.0.0,2026-09-18T12:00:00Z
50492,2026-08-24T19:12:00Z,P/N,Malad / Marve / Malvani,1000,+91-9713183785,0.79,19.1925,72.854,fulfilled,true,42,2.0.0,2026-09-18T12:00:00Z
50493,2026-08-24T08:18:00Z,T,Mulund / Nahur,2000,+91-9778725932,0.48,19.1755,72.952,fulfilled,true,42,2.0.0,2026-09-18T12:00:00Z
50494,2026-08-24T19:55:00Z,F/N,Matunga / Sion / Wadala,5000,+91-9784487691,0.74,19.0284,72.8491,fulfilled,true,42,2.0.0,2026-09-18T12:00:00Z
50495,2026-08-24T20:08:00Z,M/E,Govandi / Mankhurd / Shivaji Nagar,5000,+91-9747811364,0.96,19.0481,72.9213,fulfilled,true,42,2.0.0,2026-09-18T12:00:00Z
50496,2026-08-24T21:48:00Z,G/S,Worli / Lower Parel,10000,+91-9796097181,0.36,19.0073,72.8211,fulfilled,true,42,2.0.0,2026-09-18T12:00:00Z
50497,2026-08-24T12:49:00Z,B,Sandhurst Road / Dongri,5000,+91-9728838542,0.4,18.9531,72.8336,fulfilled,true,42,2.0.0,2026-09-18T12:00:00Z
50498,2026-08-24T20:01:00Z,A,Colaba / Fort / Nariman Point,2000,+91-9730925139,0.22,18.9151,72.8324,fulfilled,true,42,2.0.0,2026-09-18T12:00:00Z
50499,2026-08-24T09:56:00Z,H/W,Bandra West / Khar,2000,+91-9755150929,0.28,19.0535,72.8297,fulfilled,true,42,2.0.0,2026-09-18T12:00:00Z
50500,2026-08-24T12:35:00Z,M/E,Govandi / Mankhurd / Shivaji Nagar,1000,+91-9780144517,0.96,19.0565,72.9204,fulfilled,true,42,2.0.0,2026-09-18T12:00:00Z
50501,2026-08-24T07:36:00Z,R/N,Dahisar / Mandapeshwar,1000,+91-9711500486,0.42,19.2488,72.8536,fulfilled,true,42,2.0.0,2026-09-18T12:00:00Z
50502,2026-08-24T06:53:00Z,H/E,Bandra East / Santacruz East,5000,+91-9729589367,0.71,19.0647,72.8459,fulfilled,true,42,2.0.0,2026-09-18T12:00:00Z
50503,2026-08-24T11:07:00Z,L,Kurla / Asalpha / Sakinaka,2000,+91-9724627704,0.88,19.0721,72.8843,fulfilled,true,42,2.0.0,2026-09-18T12:00:00Z
50504,2026-08-24T19:58:00Z,G/S,Worli / Lower Parel,1000,+91-9732567871,0.36,19.0104,72.818,fulfilled,true,42,2.0.0,2026-09-18T12:00:00Z
50505,2026-08-24T11:04:00Z,K/W,Andheri West / Versova,2000,+91-9724035136,0.44,19.1215,72.8362,fulfilled,true,42,2.0.0,2026-09-18T12:00:00Z
50506,2026-08-24T11:27:00Z,A,Colaba / Fort / Nariman Point,5000,+91-9783999335,0.22,18.9199,72.8364,fulfilled,true,42,2.0.0,2026-09-18T12:00:00Z
50507,2026-08-24T20:04:00Z,G/S,Worli / Lower Parel,10000,+91-9753281507,0.36,18.9995,72.817,fulfilled,true,42,2.0.0,2026-09-18T12:00:00Z
50508,2026-08-24T10:50:00Z,L,Kurla / Asalpha / Sakinaka,5000,+91-9728813344,0.88,19.076,72.875,fulfilled,true,42,2.0.0,2026-09-18T12:00:00Z
50509,2026-08-24T10:59:00Z,E,Byculla / Mazgaon / Nagpada,5000,+91-9714897802,0.48,18.9772,72.8358,fulfilled,true,42,2.0.0,2026-09-18T12:00:00Z
50510,2026-08-24T15:54:00Z,F/N,Matunga / Sion / Wadala,2000,+91-9713505819,0.74,19.0308,72.8512,fulfilled,true,42,2.0.0,2026-09-18T12:00:00Z
50511,2026-08-24T07:47:00Z,G/S,Worli / Lower Parel,10000,+91-9717070129,0.36,19.006,72.8233,fulfilled,true,42,2.0.0,2026-09-18T12:00:00Z
50512,2026-08-24T19:09:00Z,C,Marine Lines / Chandanwadi,2000,+91-9794215722,0.32,18.9479,72.821,fulfilled,true,42,2.0.0,2026-09-18T12:00:00Z
50513,2026-08-24T21:31:00Z,H/E,Bandra East / Santacruz East,5000,+91-9718037673,0.71,19.0578,72.8462,fulfilled,true,42,2.0.0,2026-09-18T12:00:00Z
50514,2026-08-24T17:28:00Z,G/S,Worli / Lower Parel,10000,+91-9714545392,0.36,19.0017,72.8187,fulfilled,true,42,2.0.0,2026-09-18T12:00:00Z
50515,2026-08-24T13:03:00Z,M/E,Govandi / Mankhurd / Shivaji Nagar,2000,+91-9774501452,0.96,19.0611,72.9187,fulfilled,true,42,2.0.0,2026-09-18T12:00:00Z
50516,2026-08-24T06:17:00Z,R/C,Borivali / Gorai,5000,+91-9715578287,0.46,19.2232,72.858,fulfilled,true,42,2.0.0,2026-09-18T12:00:00Z
50517,2026-08-25T09:02:00Z,E,Byculla / Mazgaon / Nagpada,2000,+91-9726699484,0.48,18.9691,72.8291,fulfilled,true,42,2.0.0,2026-09-18T12:00:00Z
50518,2026-08-25T22:02:00Z,P/N,Malad / Marve / Malvani,1000,+91-9741253738,0.79,19.1836,72.8422,fulfilled,true,42,2.0.0,2026-09-18T12:00:00Z
50519,2026-08-25T14:07:00Z,G/N,Dharavi / Mahim / Dadar West,1000,+91-9746670559,0.93,19.0399,72.8395,fulfilled,true,42,2.0.0,2026-09-18T12:00:00Z
50520,2026-08-25T15:28:00Z,S,Bhandup / Kanjurmarg / Powai,5000,+91-9771045496,0.69,19.1468,72.9246,fulfilled,true,42,2.0.0,2026-09-18T12:00:00Z
50521,2026-08-25T11:57:00Z,G/N,Dharavi / Mahim / Dadar West,10000,+91-9793838475,0.93,19.0419,72.8417,fulfilled,true,42,2.0.0,2026-09-18T12:00:00Z
50522,2026-08-25T20:16:00Z,K/E,Andheri East / Marol,2000,+91-9786617700,0.65,19.1144,72.8695,fulfilled,true,42,2.0.0,2026-09-18T12:00:00Z
50523,2026-08-25T14:51:00Z,P/N,Malad / Marve / Malvani,10000,+91-9775635323,0.79,19.192,72.8518,fulfilled,true,42,2.0.0,2026-09-18T12:00:00Z
50524,2026-08-25T16:14:00Z,K/E,Andheri East / Marol,5000,+91-9750001624,0.65,19.1209,72.8753,fulfilled,true,42,2.0.0,2026-09-18T12:00:00Z
50525,2026-08-25T08:46:00Z,D,Malabar Hill / Walkeshwar,2000,+91-9761980358,0.16,18.9572,72.818,fulfilled,true,42,2.0.0,2026-09-18T12:00:00Z
50526,2026-08-25T05:10:00Z,R/C,Borivali / Gorai,1000,+91-9797472276,0.46,19.2304,72.858,fulfilled,true,42,2.0.0,2026-09-18T12:00:00Z
50527,2026-08-25T12:10:00Z,P/S,Goregaon West & East,10000,+91-9719431837,0.58,19.1576,72.8416,fulfilled,true,42,2.0.0,2026-09-18T12:00:00Z
50528,2026-08-25T05:11:00Z,M/E,Govandi / Mankhurd / Shivaji Nagar,5000,+91-9783302075,0.96,19.0526,72.9154,fulfilled,true,42,2.0.0,2026-09-18T12:00:00Z
50529,2026-08-25T21:30:00Z,H/E,Bandra East / Santacruz East,5000,+91-9787381974,0.71,19.0564,72.8485,fulfilled,true,42,2.0.0,2026-09-18T12:00:00Z
50530,2026-08-25T17:29:00Z,L,Kurla / Asalpha / Sakinaka,1000,+91-9746042008,0.88,19.0794,72.8837,fulfilled,true,42,2.0.0,2026-09-18T12:00:00Z
50531,2026-08-25T21:57:00Z,B,Sandhurst Road / Dongri,5000,+91-9747175564,0.4,18.9501,72.8317,fulfilled,true,42,2.0.0,2026-09-18T12:00:00Z
50532,2026-08-25T05:07:00Z,R/C,Borivali / Gorai,1000,+91-9757684509,0.46,19.2291,72.8525,fulfilled,true,42,2.0.0,2026-09-18T12:00:00Z
50533,2026-08-25T13:36:00Z,R/S,Kandivali West & East,2000,+91-9726308528,0.52,19.2032,72.8461,fulfilled,true,42,2.0.0,2026-09-18T12:00:00Z
50534,2026-08-25T17:49:00Z,S,Bhandup / Kanjurmarg / Powai,5000,+91-9715988570,0.69,19.1339,72.9268,fulfilled,true,42,2.0.0,2026-09-18T12:00:00Z
50535,2026-08-25T10:58:00Z,F/S,Parel / Sewri / Lalbaug,1000,+91-9714825756,0.42,18.9967,72.8366,fulfilled,true,42,2.0.0,2026-09-18T12:00:00Z
50536,2026-08-25T07:02:00Z,M/W,Chembur West / Tilak Nagar,2000,+91-9776136341,0.55,19.0613,72.9048,fulfilled,true,42,2.0.0,2026-09-18T12:00:00Z
50537,2026-08-25T10:12:00Z,P/N,Malad / Marve / Malvani,10000,+91-9719646785,0.79,19.1912,72.8474,fulfilled,true,42,2.0.0,2026-09-18T12:00:00Z
50538,2026-08-25T20:07:00Z,K/W,Andheri West / Versova,2000,+91-9752466707,0.44,19.1348,72.8247,fulfilled,true,42,2.0.0,2026-09-18T12:00:00Z
50539,2026-08-25T08:48:00Z,R/N,Dahisar / Mandapeshwar,2000,+91-9766836506,0.42,19.259,72.8537,fulfilled,true,42,2.0.0,2026-09-18T12:00:00Z
50540,2026-08-25T12:48:00Z,F/S,Parel / Sewri / Lalbaug,1000,+91-9734469370,0.42,18.991,72.837,fulfilled,true,42,2.0.0,2026-09-18T12:00:00Z
50541,2026-08-25T07:53:00Z,D,Malabar Hill / Walkeshwar,1000,+91-9737068593,0.16,18.9626,72.8086,fulfilled,true,42,2.0.0,2026-09-18T12:00:00Z
50542,2026-08-25T16:29:00Z,K/E,Andheri East / Marol,1000,+91-9751787410,0.65,19.1141,72.867,fulfilled,true,42,2.0.0,2026-09-18T12:00:00Z
50543,2026-08-25T19:15:00Z,R/S,Kandivali West & East,2000,+91-9722618599,0.52,19.2093,72.8457,fulfilled,true,42,2.0.0,2026-09-18T12:00:00Z
50544,2026-08-25T10:45:00Z,M/W,Chembur West / Tilak Nagar,2000,+91-9747435944,0.55,19.0642,72.8968,fulfilled,true,42,2.0.0,2026-09-18T12:00:00Z
50545,2026-08-25T19:52:00Z,M/W,Chembur West / Tilak Nagar,5000,+91-9771180707,0.55,19.0664,72.9015,fulfilled,true,42,2.0.0,2026-09-18T12:00:00Z
50546,2026-08-25T07:22:00Z,M/W,Chembur West / Tilak Nagar,10000,+91-9780792763,0.55,19.0622,72.8926,fulfilled,true,42,2.0.0,2026-09-18T12:00:00Z
50547,2026-08-25T08:56:00Z,K/E,Andheri East / Marol,5000,+91-9793934095,0.65,19.1164,72.8677,fulfilled,true,42,2.0.0,2026-09-18T12:00:00Z
50548,2026-08-25T10:30:00Z,P/S,Goregaon West & East,1000,+91-9726916223,0.58,19.1565,72.8372,fulfilled,true,42,2.0.0,2026-09-18T12:00:00Z
50549,2026-08-25T19:10:00Z,G/N,Dharavi / Mahim / Dadar West,5000,+91-9718869110,0.93,19.047,72.8503,fulfilled,true,42,2.0.0,2026-09-18T12:00:00Z
50550,2026-08-25T16:30:00Z,A,Colaba / Fort / Nariman Point,10000,+91-9783390853,0.22,18.9291,72.8375,fulfilled,true,42,2.0.0,2026-09-18T12:00:00Z
50551,2026-08-25T06:32:00Z,A,Colaba / Fort / Nariman Point,5000,+91-9793494510,0.22,18.9152,72.8371,fulfilled,true,42,2.0.0,2026-09-18T12:00:00Z
50552,2026-08-25T10:50:00Z,L,Kurla / Asalpha / Sakinaka,10000,+91-9724295733,0.88,19.0652,72.8882,fulfilled,true,42,2.0.0,2026-09-18T12:00:00Z
50553,2026-08-25T07:10:00Z,K/W,Andheri West / Versova,1000,+91-9754099466,0.44,19.1336,72.8302,fulfilled,true,42,2.0.0,2026-09-18T12:00:00Z
50554,2026-08-25T17:32:00Z,F/S,Parel / Sewri / Lalbaug,2000,+91-9740317445,0.42,18.9938,72.8481,fulfilled,true,42,2.0.0,2026-09-18T12:00:00Z
50555,2026-08-25T20:19:00Z,C,Marine Lines / Chandanwadi,2000,+91-9715247072,0.32,18.9443,72.8178,fulfilled,true,42,2.0.0,2026-09-18T12:00:00Z
50556,2026-08-25T12:16:00Z,S,Bhandup / Kanjurmarg / Powai,2000,+91-9712308582,0.69,19.1456,72.9241,fulfilled,true,42,2.0.0,2026-09-18T12:00:00Z
50557,2026-08-25T17:27:00Z,M/W,Chembur West / Tilak Nagar,5000,+91-9740736254,0.55,19.0684,72.8959,fulfilled,true,42,2.0.0,2026-09-18T12:00:00Z
50558,2026-08-25T10:05:00Z,H/W,Bandra West / Khar,5000,+91-9777468118,0.28,19.0503,72.8276,fulfilled,true,42,2.0.0,2026-09-18T12:00:00Z
50559,2026-08-25T05:03:00Z,R/C,Borivali / Gorai,10000,+91-9770524406,0.46,19.2289,72.8558,fulfilled,true,42,2.0.0,2026-09-18T12:00:00Z
50560,2026-08-25T20:39:00Z,M/E,Govandi / Mankhurd / Shivaji Nagar,5000,+91-9736076967,0.96,19.061,72.9217,fulfilled,true,42,2.0.0,2026-09-18T12:00:00Z
50561,2026-08-25T12:45:00Z,C,Marine Lines / Chandanwadi,2000,+91-9727359158,0.32,18.9521,72.8234,fulfilled,true,42,2.0.0,2026-09-18T12:00:00Z
50562,2026-08-25T17:20:00Z,B,Sandhurst Road / Dongri,10000,+91-9711050386,0.4,18.9444,72.8304,fulfilled,true,42,2.0.0,2026-09-18T12:00:00Z
50563,2026-08-25T18:09:00Z,G/N,Dharavi / Mahim / Dadar West,10000,+91-9787142762,0.93,19.0478,72.8515,fulfilled,true,42,2.0.0,2026-09-18T12:00:00Z
50564,2026-08-25T16:28:00Z,R/C,Borivali / Gorai,5000,+91-9744323051,0.46,19.2322,72.8535,fulfilled,true,42,2.0.0,2026-09-18T12:00:00Z
50565,2026-08-25T18:31:00Z,L,Kurla / Asalpha / Sakinaka,1000,+91-9795925033,0.88,19.0779,72.8777,fulfilled,true,42,2.0.0,2026-09-18T12:00:00Z
50566,2026-08-26T21:06:00Z,F/S,Parel / Sewri / Lalbaug,5000,+91-9712406823,0.42,18.9905,72.8387,fulfilled,true,42,2.0.0,2026-09-18T12:00:00Z
50567,2026-08-26T17:50:00Z,P/S,Goregaon West & East,2000,+91-9798237563,0.58,19.1698,72.8445,fulfilled,true,42,2.0.0,2026-09-18T12:00:00Z
50568,2026-08-26T13:23:00Z,M/E,Govandi / Mankhurd / Shivaji Nagar,10000,+91-9756696490,0.96,19.0553,72.9175,fulfilled,true,42,2.0.0,2026-09-18T12:00:00Z
50569,2026-08-26T16:48:00Z,B,Sandhurst Road / Dongri,10000,+91-9730385094,0.4,18.9513,72.8301,fulfilled,true,42,2.0.0,2026-09-18T12:00:00Z
50570,2026-08-26T21:51:00Z,K/E,Andheri East / Marol,5000,+91-9737531349,0.65,19.1099,72.8777,fulfilled,true,42,2.0.0,2026-09-18T12:00:00Z
50571,2026-08-26T15:10:00Z,A,Colaba / Fort / Nariman Point,1000,+91-9796784513,0.22,18.9197,72.8418,fulfilled,true,42,2.0.0,2026-09-18T12:00:00Z
50572,2026-08-26T15:25:00Z,S,Bhandup / Kanjurmarg / Powai,2000,+91-9730712058,0.69,19.1421,72.9265,fulfilled,true,42,2.0.0,2026-09-18T12:00:00Z
50573,2026-08-26T05:58:00Z,R/N,Dahisar / Mandapeshwar,10000,+91-9767320843,0.42,19.2604,72.8637,fulfilled,true,42,2.0.0,2026-09-18T12:00:00Z
50574,2026-08-26T20:04:00Z,M/E,Govandi / Mankhurd / Shivaji Nagar,1000,+91-9775124996,0.96,19.0593,72.9196,fulfilled,true,42,2.0.0,2026-09-18T12:00:00Z
50575,2026-08-26T15:46:00Z,T,Mulund / Nahur,1000,+91-9728855632,0.48,19.1756,72.9497,fulfilled,true,42,2.0.0,2026-09-18T12:00:00Z
50576,2026-08-26T09:14:00Z,G/N,Dharavi / Mahim / Dadar West,5000,+91-9754895292,0.93,19.0376,72.8506,fulfilled,true,42,2.0.0,2026-09-18T12:00:00Z
50577,2026-08-26T19:54:00Z,R/N,Dahisar / Mandapeshwar,10000,+91-9768638278,0.42,19.2528,72.8646,fulfilled,true,42,2.0.0,2026-09-18T12:00:00Z
50578,2026-08-26T16:21:00Z,G/N,Dharavi / Mahim / Dadar West,10000,+91-9772623833,0.93,19.0444,72.8436,fulfilled,true,42,2.0.0,2026-09-18T12:00:00Z
50579,2026-08-26T09:15:00Z,P/S,Goregaon West & East,5000,+91-9744529952,0.58,19.1678,72.8452,fulfilled,true,42,2.0.0,2026-09-18T12:00:00Z
50580,2026-08-26T21:06:00Z,P/N,Malad / Marve / Malvani,10000,+91-9773317487,0.79,19.1849,72.8433,fulfilled,true,42,2.0.0,2026-09-18T12:00:00Z
50581,2026-08-26T22:16:00Z,K/E,Andheri East / Marol,5000,+91-9793725763,0.65,19.1192,72.8704,fulfilled,true,42,2.0.0,2026-09-18T12:00:00Z
50582,2026-08-26T07:26:00Z,K/W,Andheri West / Versova,2000,+91-9727050217,0.44,19.1225,72.8289,fulfilled,true,42,2.0.0,2026-09-18T12:00:00Z
50583,2026-08-26T13:42:00Z,F/S,Parel / Sewri / Lalbaug,5000,+91-9724419429,0.42,18.9995,72.8493,fulfilled,true,42,2.0.0,2026-09-18T12:00:00Z
50584,2026-08-26T08:59:00Z,M/W,Chembur West / Tilak Nagar,5000,+91-9739027278,0.55,19.0674,72.9029,fulfilled,true,42,2.0.0,2026-09-18T12:00:00Z
50585,2026-08-26T06:41:00Z,B,Sandhurst Road / Dongri,2000,+91-9791694658,0.4,18.9541,72.8389,fulfilled,true,42,2.0.0,2026-09-18T12:00:00Z
50586,2026-08-26T09:29:00Z,H/E,Bandra East / Santacruz East,10000,+91-9778720737,0.71,19.0593,72.8491,fulfilled,true,42,2.0.0,2026-09-18T12:00:00Z
50587,2026-08-26T20:09:00Z,A,Colaba / Fort / Nariman Point,10000,+91-9764663051,0.22,18.9175,72.8278,fulfilled,true,42,2.0.0,2026-09-18T12:00:00Z
50588,2026-08-26T19:12:00Z,G/S,Worli / Lower Parel,10000,+91-9748048522,0.36,19.0018,72.8274,fulfilled,true,42,2.0.0,2026-09-18T12:00:00Z
50589,2026-08-26T17:37:00Z,G/S,Worli / Lower Parel,2000,+91-9791134300,0.36,19.0041,72.8206,fulfilled,true,42,2.0.0,2026-09-18T12:00:00Z
50590,2026-08-26T18:42:00Z,S,Bhandup / Kanjurmarg / Powai,10000,+91-9718040740,0.69,19.1466,72.922,fulfilled,true,42,2.0.0,2026-09-18T12:00:00Z
50591,2026-08-26T09:58:00Z,C,Marine Lines / Chandanwadi,10000,+91-9767320199,0.32,18.9416,72.8272,fulfilled,true,42,2.0.0,2026-09-18T12:00:00Z
50592,2026-08-26T06:23:00Z,F/N,Matunga / Sion / Wadala,10000,+91-9718265188,0.74,19.0191,72.8503,fulfilled,true,42,2.0.0,2026-09-18T12:00:00Z
50593,2026-08-26T14:12:00Z,S,Bhandup / Kanjurmarg / Powai,1000,+91-9785140005,0.69,19.1467,72.9223,fulfilled,true,42,2.0.0,2026-09-18T12:00:00Z
50594,2026-08-26T21:20:00Z,G/S,Worli / Lower Parel,2000,+91-9723191671,0.36,19.0026,72.8168,fulfilled,true,42,2.0.0,2026-09-18T12:00:00Z
50595,2026-08-26T19:30:00Z,C,Marine Lines / Chandanwadi,2000,+91-9768955378,0.32,18.9508,72.8302,fulfilled,true,42,2.0.0,2026-09-18T12:00:00Z
50596,2026-08-26T08:18:00Z,R/S,Kandivali West & East,2000,+91-9728829859,0.52,19.2137,72.8481,fulfilled,true,42,2.0.0,2026-09-18T12:00:00Z
50597,2026-08-26T17:35:00Z,N,Ghatkopar / Pant Nagar,5000,+91-9712793585,0.61,19.0787,72.9023,fulfilled,true,42,2.0.0,2026-09-18T12:00:00Z
50598,2026-08-26T05:29:00Z,T,Mulund / Nahur,5000,+91-9755983657,0.48,19.1764,72.9594,fulfilled,true,42,2.0.0,2026-09-18T12:00:00Z
50599,2026-08-26T21:17:00Z,F/N,Matunga / Sion / Wadala,10000,+91-9743953018,0.74,19.0202,72.8555,fulfilled,true,42,2.0.0,2026-09-18T12:00:00Z
50600,2026-08-26T08:36:00Z,F/S,Parel / Sewri / Lalbaug,1000,+91-9763117555,0.42,18.9929,72.8453,fulfilled,true,42,2.0.0,2026-09-18T12:00:00Z
50601,2026-08-26T11:20:00Z,P/S,Goregaon West & East,2000,+91-9746333750,0.58,19.1608,72.8444,fulfilled,true,42,2.0.0,2026-09-18T12:00:00Z
50602,2026-08-26T22:33:00Z,H/W,Bandra West / Khar,1000,+91-9760669709,0.28,19.0534,72.8336,fulfilled,true,42,2.0.0,2026-09-18T12:00:00Z
50603,2026-08-26T11:30:00Z,C,Marine Lines / Chandanwadi,5000,+91-9769716937,0.32,18.9559,72.8294,fulfilled,true,42,2.0.0,2026-09-18T12:00:00Z
50604,2026-08-26T05:25:00Z,P/N,Malad / Marve / Malvani,1000,+91-9737121666,0.79,19.1842,72.8515,fulfilled,true,42,2.0.0,2026-09-18T12:00:00Z
50605,2026-08-26T16:48:00Z,G/S,Worli / Lower Parel,5000,+91-9767120593,0.36,19.0053,72.8237,fulfilled,true,42,2.0.0,2026-09-18T12:00:00Z
50606,2026-08-26T13:26:00Z,C,Marine Lines / Chandanwadi,1000,+91-9767428826,0.32,18.9476,72.8294,fulfilled,true,42,2.0.0,2026-09-18T12:00:00Z
50607,2026-08-26T05:30:00Z,R/S,Kandivali West & East,1000,+91-9744203807,0.52,19.2131,72.8511,fulfilled,true,42,2.0.0,2026-09-18T12:00:00Z
50608,2026-08-27T11:56:00Z,B,Sandhurst Road / Dongri,2000,+91-9795210770,0.4,18.9574,72.8454,fulfilled,true,42,2.0.0,2026-09-18T12:00:00Z
50609,2026-08-27T07:50:00Z,M/W,Chembur West / Tilak Nagar,2000,+91-9785749107,0.55,19.0562,72.8943,fulfilled,true,42,2.0.0,2026-09-18T12:00:00Z
50610,2026-08-27T15:24:00Z,K/E,Andheri East / Marol,5000,+91-9770694770,0.65,19.1175,72.8649,fulfilled,true,42,2.0.0,2026-09-18T12:00:00Z
50611,2026-08-27T15:15:00Z,F/N,Matunga / Sion / Wadala,1000,+91-9737611598,0.74,19.0325,72.8607,fulfilled,true,42,2.0.0,2026-09-18T12:00:00Z
50612,2026-08-27T14:24:00Z,C,Marine Lines / Chandanwadi,10000,+91-9737215162,0.32,18.9462,72.8295,fulfilled,true,42,2.0.0,2026-09-18T12:00:00Z
50613,2026-08-27T19:12:00Z,B,Sandhurst Road / Dongri,10000,+91-9755290595,0.4,18.9454,72.8368,fulfilled,true,42,2.0.0,2026-09-18T12:00:00Z
50614,2026-08-27T14:35:00Z,L,Kurla / Asalpha / Sakinaka,1000,+91-9741509562,0.88,19.0744,72.8838,fulfilled,true,42,2.0.0,2026-09-18T12:00:00Z
50615,2026-08-27T21:03:00Z,R/S,Kandivali West & East,10000,+91-9718580571,0.52,19.2036,72.8565,fulfilled,true,42,2.0.0,2026-09-18T12:00:00Z
50616,2026-08-27T20:48:00Z,H/W,Bandra West / Khar,2000,+91-9751877006,0.28,19.0592,72.8397,fulfilled,true,42,2.0.0,2026-09-18T12:00:00Z
50617,2026-08-27T05:05:00Z,F/S,Parel / Sewri / Lalbaug,1000,+91-9759309266,0.42,18.9995,72.8409,fulfilled,true,42,2.0.0,2026-09-18T12:00:00Z
50618,2026-08-27T05:45:00Z,M/W,Chembur West / Tilak Nagar,1000,+91-9770020685,0.55,19.0641,72.9012,fulfilled,true,42,2.0.0,2026-09-18T12:00:00Z
50619,2026-08-27T07:10:00Z,M/W,Chembur West / Tilak Nagar,2000,+91-9787217491,0.55,19.059,72.9054,fulfilled,true,42,2.0.0,2026-09-18T12:00:00Z
50620,2026-08-27T07:13:00Z,R/C,Borivali / Gorai,10000,+91-9790841093,0.46,19.2342,72.8619,fulfilled,true,42,2.0.0,2026-09-18T12:00:00Z
50621,2026-08-27T20:21:00Z,C,Marine Lines / Chandanwadi,1000,+91-9774200878,0.32,18.9493,72.8238,fulfilled,true,42,2.0.0,2026-09-18T12:00:00Z
50622,2026-08-27T22:24:00Z,B,Sandhurst Road / Dongri,2000,+91-9785098831,0.4,18.9579,72.8346,fulfilled,true,42,2.0.0,2026-09-18T12:00:00Z
50623,2026-08-27T07:09:00Z,P/S,Goregaon West & East,5000,+91-9737899977,0.58,19.1661,72.8498,fulfilled,true,42,2.0.0,2026-09-18T12:00:00Z
50624,2026-08-27T07:43:00Z,M/E,Govandi / Mankhurd / Shivaji Nagar,5000,+91-9798061448,0.96,19.0577,72.9207,fulfilled,true,42,2.0.0,2026-09-18T12:00:00Z
50625,2026-08-27T11:57:00Z,R/C,Borivali / Gorai,2000,+91-9741187628,0.46,19.2258,72.8583,fulfilled,true,42,2.0.0,2026-09-18T12:00:00Z
50626,2026-08-27T12:55:00Z,F/S,Parel / Sewri / Lalbaug,2000,+91-9752030118,0.42,18.9924,72.851,fulfilled,true,42,2.0.0,2026-09-18T12:00:00Z
50627,2026-08-27T14:04:00Z,G/N,Dharavi / Mahim / Dadar West,2000,+91-9763113102,0.93,19.0471,72.8382,fulfilled,true,42,2.0.0,2026-09-18T12:00:00Z
50628,2026-08-27T09:44:00Z,K/W,Andheri West / Versova,2000,+91-9728192835,0.44,19.1255,72.8324,fulfilled,true,42,2.0.0,2026-09-18T12:00:00Z
50629,2026-08-27T13:13:00Z,T,Mulund / Nahur,5000,+91-9712293464,0.48,19.164,72.9535,fulfilled,true,42,2.0.0,2026-09-18T12:00:00Z
50630,2026-08-27T11:01:00Z,F/S,Parel / Sewri / Lalbaug,10000,+91-9714030264,0.42,18.9985,72.8452,fulfilled,true,42,2.0.0,2026-09-18T12:00:00Z
50631,2026-08-27T17:25:00Z,M/E,Govandi / Mankhurd / Shivaji Nagar,5000,+91-9741529900,0.96,19.0571,72.9152,fulfilled,true,42,2.0.0,2026-09-18T12:00:00Z
50632,2026-08-27T06:46:00Z,M/E,Govandi / Mankhurd / Shivaji Nagar,1000,+91-9726952884,0.96,19.0585,72.92,fulfilled,true,42,2.0.0,2026-09-18T12:00:00Z
50633,2026-08-27T16:50:00Z,D,Malabar Hill / Walkeshwar,1000,+91-9715074759,0.16,18.9648,72.8118,fulfilled,true,42,2.0.0,2026-09-18T12:00:00Z
50634,2026-08-27T07:20:00Z,E,Byculla / Mazgaon / Nagpada,5000,+91-9724989936,0.48,18.9686,72.8362,fulfilled,true,42,2.0.0,2026-09-18T12:00:00Z
50635,2026-08-27T12:49:00Z,C,Marine Lines / Chandanwadi,5000,+91-9792962721,0.32,18.9508,72.8278,fulfilled,true,42,2.0.0,2026-09-18T12:00:00Z
50636,2026-08-27T17:36:00Z,F/S,Parel / Sewri / Lalbaug,1000,+91-9756657977,0.42,18.9932,72.8495,fulfilled,true,42,2.0.0,2026-09-18T12:00:00Z
50637,2026-08-27T22:51:00Z,T,Mulund / Nahur,2000,+91-9789589180,0.48,19.18,72.9558,fulfilled,true,42,2.0.0,2026-09-18T12:00:00Z
50638,2026-08-27T21:43:00Z,A,Colaba / Fort / Nariman Point,2000,+91-9767941129,0.22,18.9178,72.8268,fulfilled,true,42,2.0.0,2026-09-18T12:00:00Z
50639,2026-08-27T13:03:00Z,D,Malabar Hill / Walkeshwar,10000,+91-9714341589,0.16,18.9656,72.8145,fulfilled,true,42,2.0.0,2026-09-18T12:00:00Z
50640,2026-08-27T06:41:00Z,K/E,Andheri East / Marol,5000,+91-9735716679,0.65,19.1131,72.8646,fulfilled,true,42,2.0.0,2026-09-18T12:00:00Z
50641,2026-08-27T09:37:00Z,A,Colaba / Fort / Nariman Point,1000,+91-9714026072,0.22,18.9174,72.8353,fulfilled,true,42,2.0.0,2026-09-18T12:00:00Z
50642,2026-08-27T06:26:00Z,P/N,Malad / Marve / Malvani,2000,+91-9734024555,0.79,19.1918,72.8484,fulfilled,true,42,2.0.0,2026-09-18T12:00:00Z
50643,2026-08-27T21:05:00Z,C,Marine Lines / Chandanwadi,5000,+91-9779595330,0.32,18.9546,72.8307,fulfilled,true,42,2.0.0,2026-09-18T12:00:00Z
50644,2026-08-27T21:38:00Z,M/E,Govandi / Mankhurd / Shivaji Nagar,5000,+91-9758129619,0.96,19.0542,72.9177,fulfilled,true,42,2.0.0,2026-09-18T12:00:00Z
50645,2026-08-27T18:20:00Z,B,Sandhurst Road / Dongri,5000,+91-9729371291,0.4,18.9444,72.832,fulfilled,true,42,2.0.0,2026-09-18T12:00:00Z
50646,2026-08-27T10:15:00Z,F/N,Matunga / Sion / Wadala,1000,+91-9743096070,0.74,19.0333,72.8528,fulfilled,true,42,2.0.0,2026-09-18T12:00:00Z
50647,2026-08-27T10:47:00Z,R/S,Kandivali West & East,1000,+91-9746216379,0.52,19.2079,72.8515,fulfilled,true,42,2.0.0,2026-09-18T12:00:00Z
50648,2026-08-27T13:57:00Z,R/C,Borivali / Gorai,10000,+91-9799584020,0.46,19.2344,72.8619,fulfilled,true,42,2.0.0,2026-09-18T12:00:00Z
50649,2026-08-27T11:43:00Z,F/S,Parel / Sewri / Lalbaug,5000,+91-9784832515,0.42,19.0025,72.8387,fulfilled,true,42,2.0.0,2026-09-18T12:00:00Z
50650,2026-08-27T20:13:00Z,N,Ghatkopar / Pant Nagar,10000,+91-9713482466,0.61,19.0847,72.911,fulfilled,true,42,2.0.0,2026-09-18T12:00:00Z
50651,2026-08-27T05:37:00Z,P/S,Goregaon West & East,5000,+91-9755780539,0.58,19.1667,72.8366,fulfilled,true,42,2.0.0,2026-09-18T12:00:00Z
50652,2026-08-27T08:02:00Z,P/S,Goregaon West & East,5000,+91-9765818818,0.58,19.1635,72.8493,fulfilled,true,42,2.0.0,2026-09-18T12:00:00Z
50653,2026-08-28T15:56:00Z,K/W,Andheri West / Versova,10000,+91-9738294617,0.44,19.1264,72.8376,fulfilled,true,42,2.0.0,2026-09-18T12:00:00Z
50654,2026-08-28T06:12:00Z,B,Sandhurst Road / Dongri,10000,+91-9721101246,0.4,18.9513,72.8325,fulfilled,true,42,2.0.0,2026-09-18T12:00:00Z
50655,2026-08-28T11:35:00Z,M/E,Govandi / Mankhurd / Shivaji Nagar,5000,+91-9781835296,0.96,19.0475,72.9126,fulfilled,true,42,2.0.0,2026-09-18T12:00:00Z
50656,2026-08-28T11:42:00Z,N,Ghatkopar / Pant Nagar,2000,+91-9790513087,0.61,19.0902,72.9016,fulfilled,true,42,2.0.0,2026-09-18T12:00:00Z
50657,2026-08-28T17:25:00Z,P/S,Goregaon West & East,2000,+91-9751138222,0.58,19.1585,72.8405,fulfilled,true,42,2.0.0,2026-09-18T12:00:00Z
50658,2026-08-28T17:13:00Z,R/S,Kandivali West & East,5000,+91-9790596761,0.52,19.2045,72.8527,fulfilled,true,42,2.0.0,2026-09-18T12:00:00Z
50659,2026-08-28T10:53:00Z,B,Sandhurst Road / Dongri,1000,+91-9786619561,0.4,18.9582,72.8343,fulfilled,true,42,2.0.0,2026-09-18T12:00:00Z
50660,2026-08-28T22:44:00Z,N,Ghatkopar / Pant Nagar,10000,+91-9759761800,0.61,19.0857,72.9157,fulfilled,true,42,2.0.0,2026-09-18T12:00:00Z
50661,2026-08-28T15:26:00Z,B,Sandhurst Road / Dongri,5000,+91-9776738536,0.4,18.9547,72.8417,fulfilled,true,42,2.0.0,2026-09-18T12:00:00Z
50662,2026-08-28T18:53:00Z,A,Colaba / Fort / Nariman Point,1000,+91-9799329777,0.22,18.9203,72.838,fulfilled,true,42,2.0.0,2026-09-18T12:00:00Z
50663,2026-08-28T14:42:00Z,N,Ghatkopar / Pant Nagar,1000,+91-9785002957,0.61,19.0876,72.9095,fulfilled,true,42,2.0.0,2026-09-18T12:00:00Z
50664,2026-08-28T07:28:00Z,K/W,Andheri West / Versova,5000,+91-9785254494,0.44,19.1303,72.8363,fulfilled,true,42,2.0.0,2026-09-18T12:00:00Z
50665,2026-08-28T20:59:00Z,C,Marine Lines / Chandanwadi,2000,+91-9742328200,0.32,18.9516,72.8256,fulfilled,true,42,2.0.0,2026-09-18T12:00:00Z
50666,2026-08-28T13:22:00Z,R/N,Dahisar / Mandapeshwar,1000,+91-9747041903,0.42,19.249,72.8611,fulfilled,true,42,2.0.0,2026-09-18T12:00:00Z
50667,2026-08-28T11:08:00Z,H/E,Bandra East / Santacruz East,10000,+91-9748824781,0.71,19.0624,72.85,fulfilled,true,42,2.0.0,2026-09-18T12:00:00Z
50668,2026-08-28T20:54:00Z,G/S,Worli / Lower Parel,2000,+91-9740682061,0.36,19.0139,72.8265,fulfilled,true,42,2.0.0,2026-09-18T12:00:00Z
50669,2026-08-28T18:39:00Z,G/N,Dharavi / Mahim / Dadar West,5000,+91-9778069125,0.93,19.0371,72.8503,fulfilled,true,42,2.0.0,2026-09-18T12:00:00Z
50670,2026-08-28T08:02:00Z,M/W,Chembur West / Tilak Nagar,2000,+91-9745879029,0.55,19.0651,72.8939,fulfilled,true,42,2.0.0,2026-09-18T12:00:00Z
50671,2026-08-28T13:15:00Z,F/N,Matunga / Sion / Wadala,2000,+91-9719830011,0.74,19.0305,72.8537,fulfilled,true,42,2.0.0,2026-09-18T12:00:00Z
50672,2026-08-28T14:11:00Z,H/W,Bandra West / Khar,2000,+91-9783037145,0.28,19.0536,72.8391,fulfilled,true,42,2.0.0,2026-09-18T12:00:00Z
50673,2026-08-28T05:19:00Z,G/S,Worli / Lower Parel,1000,+91-9719346645,0.36,19.0018,72.8142,fulfilled,true,42,2.0.0,2026-09-18T12:00:00Z
50674,2026-08-28T13:47:00Z,D,Malabar Hill / Walkeshwar,2000,+91-9767681606,0.16,18.9613,72.8077,fulfilled,true,42,2.0.0,2026-09-18T12:00:00Z
50675,2026-08-28T15:27:00Z,C,Marine Lines / Chandanwadi,1000,+91-9727639484,0.32,18.9429,72.8218,fulfilled,true,42,2.0.0,2026-09-18T12:00:00Z
50676,2026-08-28T06:30:00Z,S,Bhandup / Kanjurmarg / Powai,1000,+91-9766736269,0.69,19.1437,72.9347,fulfilled,true,42,2.0.0,2026-09-18T12:00:00Z
50677,2026-08-28T17:15:00Z,A,Colaba / Fort / Nariman Point,5000,+91-9787131199,0.22,18.9198,72.8283,fulfilled,true,42,2.0.0,2026-09-18T12:00:00Z
50678,2026-08-28T19:33:00Z,P/S,Goregaon West & East,1000,+91-9792659221,0.58,19.1671,72.8459,fulfilled,true,42,2.0.0,2026-09-18T12:00:00Z
50679,2026-08-28T21:31:00Z,P/S,Goregaon West & East,5000,+91-9741827052,0.58,19.1552,72.8519,fulfilled,true,42,2.0.0,2026-09-18T12:00:00Z
50680,2026-08-28T08:24:00Z,R/S,Kandivali West & East,2000,+91-9757275810,0.52,19.2125,72.8552,fulfilled,true,42,2.0.0,2026-09-18T12:00:00Z
50681,2026-08-28T06:27:00Z,H/E,Bandra East / Santacruz East,5000,+91-9795988072,0.71,19.0548,72.8573,fulfilled,true,42,2.0.0,2026-09-18T12:00:00Z
50682,2026-08-28T06:30:00Z,R/C,Borivali / Gorai,2000,+91-9750633293,0.46,19.237,72.8636,fulfilled,true,42,2.0.0,2026-09-18T12:00:00Z
50683,2026-08-28T14:35:00Z,G/N,Dharavi / Mahim / Dadar West,10000,+91-9729606011,0.93,19.0394,72.8452,fulfilled,true,42,2.0.0,2026-09-18T12:00:00Z
50684,2026-08-28T10:47:00Z,K/W,Andheri West / Versova,1000,+91-9769994343,0.44,19.1298,72.8365,fulfilled,true,42,2.0.0,2026-09-18T12:00:00Z
50685,2026-08-28T08:28:00Z,R/N,Dahisar / Mandapeshwar,5000,+91-9741023806,0.42,19.2542,72.8541,fulfilled,true,42,2.0.0,2026-09-18T12:00:00Z
50686,2026-08-28T16:25:00Z,P/S,Goregaon West & East,10000,+91-9722305138,0.58,19.1591,72.8499,fulfilled,true,42,2.0.0,2026-09-18T12:00:00Z
50687,2026-08-28T13:30:00Z,P/N,Malad / Marve / Malvani,2000,+91-9757865297,0.79,19.1896,72.8492,fulfilled,true,42,2.0.0,2026-09-18T12:00:00Z
50688,2026-08-28T06:41:00Z,N,Ghatkopar / Pant Nagar,10000,+91-9759716630,0.61,19.0759,72.9019,fulfilled,true,42,2.0.0,2026-09-18T12:00:00Z
50689,2026-08-28T06:42:00Z,A,Colaba / Fort / Nariman Point,2000,+91-9764402653,0.22,18.9201,72.8346,fulfilled,true,42,2.0.0,2026-09-18T12:00:00Z
50690,2026-08-28T17:22:00Z,R/C,Borivali / Gorai,5000,+91-9763203018,0.46,19.2224,72.856,fulfilled,true,42,2.0.0,2026-09-18T12:00:00Z
50691,2026-08-28T21:55:00Z,P/N,Malad / Marve / Malvani,10000,+91-9760200125,0.79,19.1837,72.8545,fulfilled,true,42,2.0.0,2026-09-18T12:00:00Z
50692,2026-08-28T11:29:00Z,D,Malabar Hill / Walkeshwar,5000,+91-9715062381,0.16,18.9648,72.8152,fulfilled,true,42,2.0.0,2026-09-18T12:00:00Z
50693,2026-08-28T11:47:00Z,L,Kurla / Asalpha / Sakinaka,1000,+91-9739267217,0.88,19.071,72.8767,fulfilled,true,42,2.0.0,2026-09-18T12:00:00Z
50694,2026-08-28T22:02:00Z,E,Byculla / Mazgaon / Nagpada,1000,+91-9795699275,0.48,18.9753,72.8265,fulfilled,true,42,2.0.0,2026-09-18T12:00:00Z
50695,2026-08-28T14:21:00Z,R/N,Dahisar / Mandapeshwar,10000,+91-9713881390,0.42,19.2549,72.8669,fulfilled,true,42,2.0.0,2026-09-18T12:00:00Z
50696,2026-08-28T12:16:00Z,K/W,Andheri West / Versova,10000,+91-9726491068,0.44,19.1263,72.8364,fulfilled,true,42,2.0.0,2026-09-18T12:00:00Z
50697,2026-08-28T09:52:00Z,P/N,Malad / Marve / Malvani,1000,+91-9739123241,0.79,19.1889,72.8542,fulfilled,true,42,2.0.0,2026-09-18T12:00:00Z
50698,2026-08-28T18:08:00Z,F/N,Matunga / Sion / Wadala,5000,+91-9723731805,0.74,19.0202,72.8588,fulfilled,true,42,2.0.0,2026-09-18T12:00:00Z
50699,2026-08-28T14:47:00Z,L,Kurla / Asalpha / Sakinaka,1000,+91-9764507332,0.88,19.0703,72.8819,fulfilled,true,42,2.0.0,2026-09-18T12:00:00Z
50700,2026-08-29T12:37:00Z,F/N,Matunga / Sion / Wadala,2000,+91-9769076002,0.74,19.0328,72.8587,fulfilled,true,42,2.0.0,2026-09-18T12:00:00Z
50701,2026-08-29T18:08:00Z,L,Kurla / Asalpha / Sakinaka,10000,+91-9748148695,0.88,19.0707,72.8836,fulfilled,true,42,2.0.0,2026-09-18T12:00:00Z
50702,2026-08-29T15:58:00Z,F/N,Matunga / Sion / Wadala,5000,+91-9716305904,0.74,19.0207,72.8539,fulfilled,true,42,2.0.0,2026-09-18T12:00:00Z
50703,2026-08-29T05:01:00Z,E,Byculla / Mazgaon / Nagpada,10000,+91-9750917735,0.48,18.9709,72.8357,fulfilled,true,42,2.0.0,2026-09-18T12:00:00Z
50704,2026-08-29T08:57:00Z,S,Bhandup / Kanjurmarg / Powai,5000,+91-9798465931,0.69,19.1391,72.9315,fulfilled,true,42,2.0.0,2026-09-18T12:00:00Z
50705,2026-08-29T17:04:00Z,K/E,Andheri East / Marol,5000,+91-9740850459,0.65,19.1119,72.8732,fulfilled,true,42,2.0.0,2026-09-18T12:00:00Z
50706,2026-08-29T08:42:00Z,K/E,Andheri East / Marol,10000,+91-9749960467,0.65,19.1187,72.8665,fulfilled,true,42,2.0.0,2026-09-18T12:00:00Z
50707,2026-08-29T07:39:00Z,D,Malabar Hill / Walkeshwar,10000,+91-9717483322,0.16,18.9669,72.8123,fulfilled,true,42,2.0.0,2026-09-18T12:00:00Z
50708,2026-08-29T08:29:00Z,G/N,Dharavi / Mahim / Dadar West,2000,+91-9717662253,0.93,19.0489,72.8463,fulfilled,true,42,2.0.0,2026-09-18T12:00:00Z
50709,2026-08-29T18:28:00Z,B,Sandhurst Road / Dongri,2000,+91-9777566126,0.4,18.9567,72.8422,fulfilled,true,42,2.0.0,2026-09-18T12:00:00Z
50710,2026-08-29T11:34:00Z,M/W,Chembur West / Tilak Nagar,5000,+91-9793267502,0.55,19.0554,72.8962,fulfilled,true,42,2.0.0,2026-09-18T12:00:00Z
50711,2026-08-29T15:03:00Z,H/W,Bandra West / Khar,1000,+91-9746798955,0.28,19.0624,72.8272,fulfilled,true,42,2.0.0,2026-09-18T12:00:00Z
50712,2026-08-29T14:32:00Z,F/N,Matunga / Sion / Wadala,1000,+91-9750245792,0.74,19.0321,72.8574,fulfilled,true,42,2.0.0,2026-09-18T12:00:00Z
50713,2026-08-29T16:42:00Z,C,Marine Lines / Chandanwadi,5000,+91-9719352454,0.32,18.9535,72.8284,fulfilled,true,42,2.0.0,2026-09-18T12:00:00Z
50714,2026-08-29T07:07:00Z,T,Mulund / Nahur,10000,+91-9712793722,0.48,19.1741,72.9507,fulfilled,true,42,2.0.0,2026-09-18T12:00:00Z
50715,2026-08-29T19:43:00Z,M/E,Govandi / Mankhurd / Shivaji Nagar,1000,+91-9716336562,0.96,19.0483,72.9175,fulfilled,true,42,2.0.0,2026-09-18T12:00:00Z
50716,2026-08-29T22:37:00Z,B,Sandhurst Road / Dongri,2000,+91-9739546587,0.4,18.9518,72.8435,fulfilled,true,42,2.0.0,2026-09-18T12:00:00Z
50717,2026-08-29T06:17:00Z,K/W,Andheri West / Versova,2000,+91-9759944993,0.44,19.1352,72.8273,fulfilled,true,42,2.0.0,2026-09-18T12:00:00Z
50718,2026-08-29T12:02:00Z,P/S,Goregaon West & East,10000,+91-9780143279,0.58,19.1601,72.8409,fulfilled,true,42,2.0.0,2026-09-18T12:00:00Z
50719,2026-08-29T06:48:00Z,K/E,Andheri East / Marol,5000,+91-9793734826,0.65,19.1157,72.8717,fulfilled,true,42,2.0.0,2026-09-18T12:00:00Z
50720,2026-08-29T12:08:00Z,D,Malabar Hill / Walkeshwar,1000,+91-9754281384,0.16,18.9554,72.8059,fulfilled,true,42,2.0.0,2026-09-18T12:00:00Z
50721,2026-08-29T13:39:00Z,F/N,Matunga / Sion / Wadala,2000,+91-9722271405,0.74,19.0204,72.8551,fulfilled,true,42,2.0.0,2026-09-18T12:00:00Z
50722,2026-08-29T09:16:00Z,P/S,Goregaon West & East,1000,+91-9760220653,0.58,19.1581,72.8446,fulfilled,true,42,2.0.0,2026-09-18T12:00:00Z
50723,2026-08-29T16:45:00Z,P/N,Malad / Marve / Malvani,5000,+91-9786749897,0.79,19.19,72.8501,fulfilled,true,42,2.0.0,2026-09-18T12:00:00Z
50724,2026-08-29T21:16:00Z,R/S,Kandivali West & East,5000,+91-9724803325,0.52,19.2046,72.8482,fulfilled,true,42,2.0.0,2026-09-18T12:00:00Z
50725,2026-08-29T13:19:00Z,R/N,Dahisar / Mandapeshwar,2000,+91-9723348555,0.42,19.2587,72.8519,fulfilled,true,42,2.0.0,2026-09-18T12:00:00Z
50726,2026-08-29T17:55:00Z,G/N,Dharavi / Mahim / Dadar West,10000,+91-9746494312,0.93,19.0361,72.8449,fulfilled,true,42,2.0.0,2026-09-18T12:00:00Z
50727,2026-08-29T13:20:00Z,R/S,Kandivali West & East,2000,+91-9798698537,0.52,19.2091,72.8545,fulfilled,true,42,2.0.0,2026-09-18T12:00:00Z
50728,2026-08-29T14:08:00Z,N,Ghatkopar / Pant Nagar,5000,+91-9715444080,0.61,19.0761,72.9036,fulfilled,true,42,2.0.0,2026-09-18T12:00:00Z
50729,2026-08-29T13:00:00Z,F/S,Parel / Sewri / Lalbaug,5000,+91-9742605359,0.42,18.9998,72.844,fulfilled,true,42,2.0.0,2026-09-18T12:00:00Z
50730,2026-08-29T17:55:00Z,C,Marine Lines / Chandanwadi,5000,+91-9725499665,0.32,18.9412,72.8317,fulfilled,true,42,2.0.0,2026-09-18T12:00:00Z
50731,2026-08-29T21:21:00Z,B,Sandhurst Road / Dongri,5000,+91-9773002364,0.4,18.959,72.8422,fulfilled,true,42,2.0.0,2026-09-18T12:00:00Z
50732,2026-08-29T13:40:00Z,H/E,Bandra East / Santacruz East,5000,+91-9730062018,0.71,19.0622,72.8562,fulfilled,true,42,2.0.0,2026-09-18T12:00:00Z
50733,2026-08-29T20:21:00Z,S,Bhandup / Kanjurmarg / Powai,5000,+91-9739193751,0.69,19.1442,72.9285,fulfilled,true,42,2.0.0,2026-09-18T12:00:00Z
50734,2026-08-29T16:25:00Z,T,Mulund / Nahur,5000,+91-9717687710,0.48,19.166,72.9602,fulfilled,true,42,2.0.0,2026-09-18T12:00:00Z
50735,2026-08-29T05:13:00Z,A,Colaba / Fort / Nariman Point,1000,+91-9747582729,0.22,18.9253,72.8261,fulfilled,true,42,2.0.0,2026-09-18T12:00:00Z
50736,2026-08-29T19:18:00Z,C,Marine Lines / Chandanwadi,5000,+91-9778698660,0.32,18.9467,72.8245,fulfilled,true,42,2.0.0,2026-09-18T12:00:00Z
50737,2026-08-29T13:23:00Z,R/N,Dahisar / Mandapeshwar,1000,+91-9744870115,0.42,19.2476,72.8591,fulfilled,true,42,2.0.0,2026-09-18T12:00:00Z
50738,2026-08-29T17:10:00Z,F/S,Parel / Sewri / Lalbaug,2000,+91-9714187952,0.42,18.9923,72.8499,fulfilled,true,42,2.0.0,2026-09-18T12:00:00Z
50739,2026-08-29T08:55:00Z,R/S,Kandivali West & East,2000,+91-9723922174,0.52,19.2098,72.8501,fulfilled,true,42,2.0.0,2026-09-18T12:00:00Z
50740,2026-08-29T11:56:00Z,P/N,Malad / Marve / Malvani,5000,+91-9769789211,0.79,19.1865,72.8505,fulfilled,true,42,2.0.0,2026-09-18T12:00:00Z
50741,2026-08-29T05:51:00Z,B,Sandhurst Road / Dongri,10000,+91-9770129126,0.4,18.9479,72.8401,fulfilled,true,42,2.0.0,2026-09-18T12:00:00Z
50742,2026-08-29T07:12:00Z,A,Colaba / Fort / Nariman Point,2000,+91-9759272460,0.22,18.9263,72.841,fulfilled,true,42,2.0.0,2026-09-18T12:00:00Z
50743,2026-08-29T11:22:00Z,E,Byculla / Mazgaon / Nagpada,5000,+91-9717990928,0.48,18.9675,72.8341,fulfilled,true,42,2.0.0,2026-09-18T12:00:00Z
50744,2026-08-29T07:39:00Z,F/S,Parel / Sewri / Lalbaug,2000,+91-9778766848,0.42,19.006,72.8366,fulfilled,true,42,2.0.0,2026-09-18T12:00:00Z
50745,2026-08-30T13:08:00Z,F/N,Matunga / Sion / Wadala,5000,+91-9723899064,0.74,19.0263,72.8631,fulfilled,true,42,2.0.0,2026-09-18T12:00:00Z
50746,2026-08-30T13:42:00Z,K/W,Andheri West / Versova,5000,+91-9722540075,0.44,19.1251,72.8353,fulfilled,true,42,2.0.0,2026-09-18T12:00:00Z
50747,2026-08-30T21:39:00Z,P/S,Goregaon West & East,5000,+91-9741580575,0.58,19.1686,72.844,fulfilled,true,42,2.0.0,2026-09-18T12:00:00Z
50748,2026-08-30T08:00:00Z,K/E,Andheri East / Marol,2000,+91-9759847445,0.65,19.1115,72.8752,fulfilled,true,42,2.0.0,2026-09-18T12:00:00Z
50749,2026-08-30T18:31:00Z,E,Byculla / Mazgaon / Nagpada,1000,+91-9752098829,0.48,18.9777,72.8314,fulfilled,true,42,2.0.0,2026-09-18T12:00:00Z
50750,2026-08-30T12:00:00Z,P/S,Goregaon West & East,1000,+91-9778063369,0.58,19.1604,72.8389,fulfilled,true,42,2.0.0,2026-09-18T12:00:00Z
50751,2026-08-30T08:35:00Z,N,Ghatkopar / Pant Nagar,10000,+91-9722945786,0.61,19.0786,72.909,fulfilled,true,42,2.0.0,2026-09-18T12:00:00Z
50752,2026-08-30T09:17:00Z,R/N,Dahisar / Mandapeshwar,5000,+91-9741763427,0.42,19.2508,72.8524,fulfilled,true,42,2.0.0,2026-09-18T12:00:00Z
50753,2026-08-30T09:29:00Z,E,Byculla / Mazgaon / Nagpada,1000,+91-9718360857,0.48,18.9722,72.8356,fulfilled,true,42,2.0.0,2026-09-18T12:00:00Z
50754,2026-08-30T16:51:00Z,L,Kurla / Asalpha / Sakinaka,2000,+91-9787581468,0.88,19.0656,72.8881,fulfilled,true,42,2.0.0,2026-09-18T12:00:00Z
50755,2026-08-30T15:48:00Z,A,Colaba / Fort / Nariman Point,5000,+91-9747776471,0.22,18.9164,72.8285,fulfilled,true,42,2.0.0,2026-09-18T12:00:00Z
50756,2026-08-30T21:59:00Z,R/N,Dahisar / Mandapeshwar,1000,+91-9775484921,0.42,19.2541,72.8584,fulfilled,true,42,2.0.0,2026-09-18T12:00:00Z
50757,2026-08-30T18:37:00Z,H/W,Bandra West / Khar,2000,+91-9729353517,0.28,19.0569,72.839,fulfilled,true,42,2.0.0,2026-09-18T12:00:00Z
50758,2026-08-30T09:55:00Z,M/E,Govandi / Mankhurd / Shivaji Nagar,10000,+91-9737225439,0.96,19.0478,72.9185,fulfilled,true,42,2.0.0,2026-09-18T12:00:00Z
50759,2026-08-30T05:10:00Z,D,Malabar Hill / Walkeshwar,10000,+91-9765954282,0.16,18.9688,72.8184,fulfilled,true,42,2.0.0,2026-09-18T12:00:00Z
50760,2026-08-30T21:46:00Z,N,Ghatkopar / Pant Nagar,1000,+91-9728844928,0.61,19.0788,72.9144,fulfilled,true,42,2.0.0,2026-09-18T12:00:00Z
50761,2026-08-30T18:11:00Z,R/C,Borivali / Gorai,5000,+91-9723856301,0.46,19.2212,72.8519,fulfilled,true,42,2.0.0,2026-09-18T12:00:00Z
50762,2026-08-30T08:11:00Z,H/E,Bandra East / Santacruz East,1000,+91-9759902442,0.71,19.0665,72.8471,fulfilled,true,42,2.0.0,2026-09-18T12:00:00Z
50763,2026-08-30T06:46:00Z,H/W,Bandra West / Khar,1000,+91-9747994808,0.28,19.0624,72.8292,fulfilled,true,42,2.0.0,2026-09-18T12:00:00Z
50764,2026-08-30T15:30:00Z,K/E,Andheri East / Marol,2000,+91-9742929236,0.65,19.115,72.8737,fulfilled,true,42,2.0.0,2026-09-18T12:00:00Z
50765,2026-08-30T14:45:00Z,F/N,Matunga / Sion / Wadala,5000,+91-9742066047,0.74,19.0273,72.8612,fulfilled,true,42,2.0.0,2026-09-18T12:00:00Z
50766,2026-08-30T05:29:00Z,F/N,Matunga / Sion / Wadala,1000,+91-9727242570,0.74,19.0226,72.855,fulfilled,true,42,2.0.0,2026-09-18T12:00:00Z
50767,2026-08-30T21:05:00Z,P/S,Goregaon West & East,5000,+91-9763280722,0.58,19.1647,72.8487,fulfilled,true,42,2.0.0,2026-09-18T12:00:00Z
50768,2026-08-30T16:17:00Z,K/E,Andheri East / Marol,2000,+91-9773003101,0.65,19.1172,72.8701,fulfilled,true,42,2.0.0,2026-09-18T12:00:00Z
50769,2026-08-30T22:12:00Z,A,Colaba / Fort / Nariman Point,10000,+91-9768407748,0.22,18.9235,72.8369,fulfilled,true,42,2.0.0,2026-09-18T12:00:00Z
50770,2026-08-30T19:43:00Z,L,Kurla / Asalpha / Sakinaka,10000,+91-9794282543,0.88,19.0741,72.8895,fulfilled,true,42,2.0.0,2026-09-18T12:00:00Z
50771,2026-08-30T14:54:00Z,A,Colaba / Fort / Nariman Point,10000,+91-9710235292,0.22,18.9242,72.8289,fulfilled,true,42,2.0.0,2026-09-18T12:00:00Z
50772,2026-08-30T10:25:00Z,A,Colaba / Fort / Nariman Point,2000,+91-9797267788,0.22,18.9142,72.8298,fulfilled,true,42,2.0.0,2026-09-18T12:00:00Z
50773,2026-08-30T18:01:00Z,R/S,Kandivali West & East,10000,+91-9768550270,0.52,19.2122,72.859,fulfilled,true,42,2.0.0,2026-09-18T12:00:00Z
50774,2026-08-30T13:03:00Z,K/W,Andheri West / Versova,2000,+91-9715246697,0.44,19.1218,72.8376,fulfilled,true,42,2.0.0,2026-09-18T12:00:00Z
50775,2026-08-30T22:42:00Z,H/W,Bandra West / Khar,1000,+91-9755354119,0.28,19.0515,72.8243,fulfilled,true,42,2.0.0,2026-09-18T12:00:00Z
50776,2026-08-30T14:53:00Z,B,Sandhurst Road / Dongri,2000,+91-9780679206,0.4,18.9538,72.8369,fulfilled,true,42,2.0.0,2026-09-18T12:00:00Z
50777,2026-08-30T19:13:00Z,H/W,Bandra West / Khar,1000,+91-9753237998,0.28,19.0526,72.8347,fulfilled,true,42,2.0.0,2026-09-18T12:00:00Z
50778,2026-08-30T15:31:00Z,R/S,Kandivali West & East,10000,+91-9788773140,0.52,19.2025,72.8564,fulfilled,true,42,2.0.0,2026-09-18T12:00:00Z
50779,2026-08-30T14:41:00Z,M/W,Chembur West / Tilak Nagar,2000,+91-9773603824,0.55,19.0614,72.904,fulfilled,true,42,2.0.0,2026-09-18T12:00:00Z
50780,2026-08-30T09:57:00Z,P/N,Malad / Marve / Malvani,2000,+91-9737935473,0.79,19.1801,72.8529,fulfilled,true,42,2.0.0,2026-09-18T12:00:00Z
50781,2026-08-30T18:21:00Z,B,Sandhurst Road / Dongri,10000,+91-9721295332,0.4,18.9448,72.8435,fulfilled,true,42,2.0.0,2026-09-18T12:00:00Z
50782,2026-08-30T19:20:00Z,K/W,Andheri West / Versova,2000,+91-9733933894,0.44,19.124,72.8254,fulfilled,true,42,2.0.0,2026-09-18T12:00:00Z
50783,2026-08-30T07:43:00Z,L,Kurla / Asalpha / Sakinaka,5000,+91-9729400677,0.88,19.0675,72.8745,fulfilled,true,42,2.0.0,2026-09-18T12:00:00Z
50784,2026-08-30T15:22:00Z,K/W,Andheri West / Versova,5000,+91-9744175163,0.44,19.1291,72.8375,fulfilled,true,42,2.0.0,2026-09-18T12:00:00Z
50785,2026-08-30T11:28:00Z,R/N,Dahisar / Mandapeshwar,2000,+91-9787412284,0.42,19.2563,72.8523,fulfilled,true,42,2.0.0,2026-09-18T12:00:00Z
50786,2026-08-30T19:42:00Z,G/S,Worli / Lower Parel,5000,+91-9790962141,0.36,19.0009,72.82,fulfilled,true,42,2.0.0,2026-09-18T12:00:00Z
50787,2026-08-30T20:52:00Z,R/N,Dahisar / Mandapeshwar,10000,+91-9729388807,0.42,19.246,72.8551,fulfilled,true,42,2.0.0,2026-09-18T12:00:00Z
50788,2026-08-30T13:54:00Z,K/W,Andheri West / Versova,10000,+91-9779923716,0.44,19.1347,72.8293,fulfilled,true,42,2.0.0,2026-09-18T12:00:00Z
50789,2026-08-30T11:23:00Z,R/N,Dahisar / Mandapeshwar,10000,+91-9730827639,0.42,19.2495,72.8628,fulfilled,true,42,2.0.0,2026-09-18T12:00:00Z
50790,2026-08-30T06:09:00Z,P/S,Goregaon West & East,1000,+91-9746566052,0.58,19.1632,72.8367,fulfilled,true,42,2.0.0,2026-09-18T12:00:00Z
50791,2026-08-31T17:57:00Z,K/W,Andheri West / Versova,5000,+91-9786906954,0.44,19.1309,72.8221,fulfilled,true,42,2.0.0,2026-09-18T12:00:00Z
50792,2026-08-31T08:28:00Z,A,Colaba / Fort / Nariman Point,2000,+91-9723005200,0.22,18.9221,72.838,fulfilled,true,42,2.0.0,2026-09-18T12:00:00Z
50793,2026-08-31T22:30:00Z,E,Byculla / Mazgaon / Nagpada,1000,+91-9739464614,0.48,18.9657,72.8272,fulfilled,true,42,2.0.0,2026-09-18T12:00:00Z
50794,2026-08-31T12:52:00Z,D,Malabar Hill / Walkeshwar,5000,+91-9755548150,0.16,18.9568,72.8147,fulfilled,true,42,2.0.0,2026-09-18T12:00:00Z
50795,2026-08-31T05:09:00Z,A,Colaba / Fort / Nariman Point,1000,+91-9774237780,0.22,18.9142,72.8365,fulfilled,true,42,2.0.0,2026-09-18T12:00:00Z
50796,2026-08-31T07:52:00Z,F/S,Parel / Sewri / Lalbaug,1000,+91-9761378286,0.42,18.996,72.8435,fulfilled,true,42,2.0.0,2026-09-18T12:00:00Z
50797,2026-08-31T17:18:00Z,R/C,Borivali / Gorai,5000,+91-9795812033,0.46,19.2257,72.8577,fulfilled,true,42,2.0.0,2026-09-18T12:00:00Z
50798,2026-08-31T20:17:00Z,F/N,Matunga / Sion / Wadala,5000,+91-9727029485,0.74,19.0278,72.8503,fulfilled,true,42,2.0.0,2026-09-18T12:00:00Z
50799,2026-08-31T14:32:00Z,K/E,Andheri East / Marol,2000,+91-9748825017,0.65,19.1177,72.8753,fulfilled,true,42,2.0.0,2026-09-18T12:00:00Z
50800,2026-08-31T08:24:00Z,H/E,Bandra East / Santacruz East,1000,+91-9770394913,0.71,19.0625,72.849,fulfilled,true,42,2.0.0,2026-09-18T12:00:00Z
50801,2026-08-31T22:37:00Z,P/S,Goregaon West & East,5000,+91-9755508614,0.58,19.169,72.8426,fulfilled,true,42,2.0.0,2026-09-18T12:00:00Z
50802,2026-08-31T06:19:00Z,A,Colaba / Fort / Nariman Point,2000,+91-9772753456,0.22,18.9181,72.8303,fulfilled,true,42,2.0.0,2026-09-18T12:00:00Z
50803,2026-08-31T13:20:00Z,K/W,Andheri West / Versova,10000,+91-9777152759,0.44,19.135,72.8276,fulfilled,true,42,2.0.0,2026-09-18T12:00:00Z
50804,2026-08-31T08:02:00Z,T,Mulund / Nahur,2000,+91-9780395783,0.48,19.1798,72.9554,fulfilled,true,42,2.0.0,2026-09-18T12:00:00Z
50805,2026-08-31T05:40:00Z,N,Ghatkopar / Pant Nagar,5000,+91-9792240925,0.61,19.0851,72.904,fulfilled,true,42,2.0.0,2026-09-18T12:00:00Z
50806,2026-08-31T15:26:00Z,F/S,Parel / Sewri / Lalbaug,2000,+91-9773859167,0.42,19.0057,72.8405,fulfilled,true,42,2.0.0,2026-09-18T12:00:00Z
50807,2026-08-31T06:28:00Z,M/W,Chembur West / Tilak Nagar,10000,+91-9724388033,0.55,19.0559,72.8997,fulfilled,true,42,2.0.0,2026-09-18T12:00:00Z
50808,2026-08-31T18:24:00Z,K/E,Andheri East / Marol,5000,+91-9718045306,0.65,19.1066,72.8692,fulfilled,true,42,2.0.0,2026-09-18T12:00:00Z
50809,2026-08-31T12:30:00Z,K/E,Andheri East / Marol,10000,+91-9779358643,0.65,19.1158,72.8756,fulfilled,true,42,2.0.0,2026-09-18T12:00:00Z
50810,2026-08-31T19:48:00Z,K/E,Andheri East / Marol,2000,+91-9788222971,0.65,19.1176,72.877,fulfilled,true,42,2.0.0,2026-09-18T12:00:00Z
50811,2026-08-31T20:25:00Z,R/N,Dahisar / Mandapeshwar,5000,+91-9768345378,0.42,19.2523,72.8628,fulfilled,true,42,2.0.0,2026-09-18T12:00:00Z
50812,2026-08-31T21:08:00Z,A,Colaba / Fort / Nariman Point,10000,+91-9781026867,0.22,18.9173,72.8381,fulfilled,true,42,2.0.0,2026-09-18T12:00:00Z
50813,2026-08-31T15:37:00Z,P/N,Malad / Marve / Malvani,2000,+91-9791459654,0.79,19.183,72.8536,fulfilled,true,42,2.0.0,2026-09-18T12:00:00Z
50814,2026-08-31T17:55:00Z,T,Mulund / Nahur,1000,+91-9796798429,0.48,19.1752,72.9505,fulfilled,true,42,2.0.0,2026-09-18T12:00:00Z
50815,2026-08-31T22:47:00Z,P/N,Malad / Marve / Malvani,1000,+91-9760138553,0.79,19.1856,72.8444,fulfilled,true,42,2.0.0,2026-09-18T12:00:00Z
50816,2026-08-31T22:36:00Z,T,Mulund / Nahur,5000,+91-9780166696,0.48,19.1763,72.9573,fulfilled,true,42,2.0.0,2026-09-18T12:00:00Z
50817,2026-08-31T10:56:00Z,G/S,Worli / Lower Parel,5000,+91-9762543934,0.36,19.0063,72.8174,fulfilled,true,42,2.0.0,2026-09-18T12:00:00Z
50818,2026-08-31T10:08:00Z,B,Sandhurst Road / Dongri,5000,+91-9773751382,0.4,18.9552,72.8452,fulfilled,true,42,2.0.0,2026-09-18T12:00:00Z
50819,2026-08-31T20:26:00Z,N,Ghatkopar / Pant Nagar,1000,+91-9718759307,0.61,19.0857,72.9002,fulfilled,true,42,2.0.0,2026-09-18T12:00:00Z
50820,2026-08-31T19:43:00Z,E,Byculla / Mazgaon / Nagpada,5000,+91-9711365606,0.48,18.9731,72.8323,fulfilled,true,42,2.0.0,2026-09-18T12:00:00Z
50821,2026-08-31T14:19:00Z,R/S,Kandivali West & East,5000,+91-9735335801,0.52,19.2046,72.8573,fulfilled,true,42,2.0.0,2026-09-18T12:00:00Z
50822,2026-08-31T07:40:00Z,R/N,Dahisar / Mandapeshwar,2000,+91-9714454677,0.42,19.2528,72.8531,fulfilled,true,42,2.0.0,2026-09-18T12:00:00Z
50823,2026-08-31T16:45:00Z,F/N,Matunga / Sion / Wadala,2000,+91-9719312065,0.74,19.0296,72.8533,fulfilled,true,42,2.0.0,2026-09-18T12:00:00Z
50824,2026-08-31T13:10:00Z,M/E,Govandi / Mankhurd / Shivaji Nagar,1000,+91-9720170008,0.96,19.0622,72.9135,fulfilled,true,42,2.0.0,2026-09-18T12:00:00Z
50825,2026-08-31T08:57:00Z,F/S,Parel / Sewri / Lalbaug,5000,+91-9739274641,0.42,18.9989,72.8472,fulfilled,true,42,2.0.0,2026-09-18T12:00:00Z
50826,2026-08-31T08:42:00Z,L,Kurla / Asalpha / Sakinaka,2000,+91-9729995077,0.88,19.0752,72.8807,fulfilled,true,42,2.0.0,2026-09-18T12:00:00Z
50827,2026-08-31T11:53:00Z,G/N,Dharavi / Mahim / Dadar West,10000,+91-9734659269,0.93,19.0498,72.8403,fulfilled,true,42,2.0.0,2026-09-18T12:00:00Z
50828,2026-08-31T15:59:00Z,K/E,Andheri East / Marol,2000,+91-9715270821,0.65,19.1071,72.8722,fulfilled,true,42,2.0.0,2026-09-18T12:00:00Z
50829,2026-08-31T19:13:00Z,F/N,Matunga / Sion / Wadala,5000,+91-9761553296,0.74,19.0347,72.8541,fulfilled,true,42,2.0.0,2026-09-18T12:00:00Z
50830,2026-08-31T05:57:00Z,D,Malabar Hill / Walkeshwar,1000,+91-9720258471,0.16,18.9604,72.8159,fulfilled,true,42,2.0.0,2026-09-18T12:00:00Z
50831,2026-08-31T05:17:00Z,L,Kurla / Asalpha / Sakinaka,1000,+91-9723125849,0.88,19.0743,72.8788,fulfilled,true,42,2.0.0,2026-09-18T12:00:00Z
50832,2026-08-31T15:14:00Z,A,Colaba / Fort / Nariman Point,10000,+91-9727875467,0.22,18.9222,72.8389,fulfilled,true,42,2.0.0,2026-09-18T12:00:00Z
50833,2026-08-31T09:41:00Z,S,Bhandup / Kanjurmarg / Powai,2000,+91-9777633034,0.69,19.1454,72.9286,fulfilled,true,42,2.0.0,2026-09-18T12:00:00Z
50834,2026-08-31T14:27:00Z,G/N,Dharavi / Mahim / Dadar West,5000,+91-9732382633,0.93,19.0457,72.8441,fulfilled,true,42,2.0.0,2026-09-18T12:00:00Z
50835,2026-08-31T08:49:00Z,E,Byculla / Mazgaon / Nagpada,1000,+91-9731258259,0.48,18.9665,72.8295,fulfilled,true,42,2.0.0,2026-09-18T12:00:00Z
50836,2026-08-31T09:11:00Z,H/E,Bandra East / Santacruz East,5000,+91-9753315056,0.71,19.0645,72.8512,fulfilled,true,42,2.0.0,2026-09-18T12:00:00Z
50837,2026-08-31T16:09:00Z,H/E,Bandra East / Santacruz East,10000,+91-9733255663,0.71,19.0623,72.8547,fulfilled,true,42,2.0.0,2026-09-18T12:00:00Z
50838,2026-08-31T12:35:00Z,K/E,Andheri East / Marol,1000,+91-9783806564,0.65,19.1071,72.8621,fulfilled,true,42,2.0.0,2026-09-18T12:00:00Z
50839,2026-08-31T19:58:00Z,K/E,Andheri East / Marol,1000,+91-9718676893,0.65,19.1076,72.8756,fulfilled,true,42,2.0.0,2026-09-18T12:00:00Z
50840,2026-08-31T16:22:00Z,P/N,Malad / Marve / Malvani,2000,+91-9793795654,0.79,19.193,72.8416,fulfilled,true,42,2.0.0,2026-09-18T12:00:00Z
50841,2026-08-31T12:14:00Z,R/N,Dahisar / Mandapeshwar,5000,+91-9787427035,0.42,19.2585,72.8669,fulfilled,true,42,2.0.0,2026-09-18T12:00:00Z
50842,2026-08-31T10:08:00Z,R/N,Dahisar / Mandapeshwar,10000,+91-9747125385,0.42,19.2574,72.8651,fulfilled,true,42,2.0.0,2026-09-18T12:00:00Z
50843,2026-09-01T08:10:00Z,C,Marine Lines / Chandanwadi,1000,+91-9766457352,0.32,18.9535,72.8183,fulfilled,true,42,2.0.0,2026-09-18T12:00:00Z
50844,2026-09-01T17:51:00Z,R/C,Borivali / Gorai,10000,+91-9740880847,0.46,19.2275,72.8544,fulfilled,true,42,2.0.0,2026-09-18T12:00:00Z
50845,2026-09-01T21:10:00Z,S,Bhandup / Kanjurmarg / Powai,1000,+91-9762178596,0.69,19.1354,72.9349,fulfilled,true,42,2.0.0,2026-09-18T12:00:00Z
50846,2026-09-01T06:47:00Z,R/C,Borivali / Gorai,1000,+91-9731043734,0.46,19.2258,72.8551,fulfilled,true,42,2.0.0,2026-09-18T12:00:00Z
50847,2026-09-01T12:26:00Z,K/W,Andheri West / Versova,10000,+91-9759870871,0.44,19.1268,72.8335,fulfilled,true,42,2.0.0,2026-09-18T12:00:00Z
50848,2026-09-01T20:27:00Z,R/C,Borivali / Gorai,5000,+91-9721541601,0.46,19.2227,72.8542,fulfilled,true,42,2.0.0,2026-09-18T12:00:00Z
50849,2026-09-01T15:23:00Z,S,Bhandup / Kanjurmarg / Powai,1000,+91-9760170160,0.69,19.1373,72.9311,fulfilled,true,42,2.0.0,2026-09-18T12:00:00Z
50850,2026-09-01T09:01:00Z,R/C,Borivali / Gorai,2000,+91-9752212108,0.46,19.2218,72.8543,fulfilled,true,42,2.0.0,2026-09-18T12:00:00Z
50851,2026-09-01T05:16:00Z,N,Ghatkopar / Pant Nagar,2000,+91-9766348777,0.61,19.0766,72.9118,fulfilled,true,42,2.0.0,2026-09-18T12:00:00Z
50852,2026-09-01T16:35:00Z,G/S,Worli / Lower Parel,5000,+91-9755414474,0.36,19.0076,72.8184,fulfilled,true,42,2.0.0,2026-09-18T12:00:00Z
50853,2026-09-01T17:51:00Z,R/S,Kandivali West & East,10000,+91-9769610463,0.52,19.2023,72.8535,fulfilled,true,42,2.0.0,2026-09-18T12:00:00Z
50854,2026-09-01T18:08:00Z,G/S,Worli / Lower Parel,1000,+91-9754587764,0.36,18.998,72.8161,fulfilled,true,42,2.0.0,2026-09-18T12:00:00Z
50855,2026-09-01T16:43:00Z,S,Bhandup / Kanjurmarg / Powai,10000,+91-9710494797,0.69,19.1419,72.9302,fulfilled,true,42,2.0.0,2026-09-18T12:00:00Z
50856,2026-09-01T09:55:00Z,G/N,Dharavi / Mahim / Dadar West,1000,+91-9768962940,0.93,19.0366,72.8403,fulfilled,true,42,2.0.0,2026-09-18T12:00:00Z
50857,2026-09-01T16:04:00Z,T,Mulund / Nahur,1000,+91-9736613244,0.48,19.1787,72.9632,fulfilled,true,42,2.0.0,2026-09-18T12:00:00Z
50858,2026-09-01T19:17:00Z,A,Colaba / Fort / Nariman Point,5000,+91-9774525490,0.22,18.9246,72.8266,fulfilled,true,42,2.0.0,2026-09-18T12:00:00Z
50859,2026-09-01T09:52:00Z,H/W,Bandra West / Khar,1000,+91-9758749339,0.28,19.0652,72.8375,fulfilled,true,42,2.0.0,2026-09-18T12:00:00Z
50860,2026-09-01T18:17:00Z,N,Ghatkopar / Pant Nagar,10000,+91-9757702837,0.61,19.0781,72.9044,fulfilled,true,42,2.0.0,2026-09-18T12:00:00Z
50861,2026-09-01T06:38:00Z,R/N,Dahisar / Mandapeshwar,5000,+91-9757225131,0.42,19.2594,72.8649,fulfilled,true,42,2.0.0,2026-09-18T12:00:00Z
50862,2026-09-01T22:09:00Z,R/N,Dahisar / Mandapeshwar,2000,+91-9776873684,0.42,19.2482,72.857,fulfilled,true,42,2.0.0,2026-09-18T12:00:00Z
50863,2026-09-01T14:08:00Z,F/S,Parel / Sewri / Lalbaug,1000,+91-9735857364,0.42,18.9943,72.838,fulfilled,true,42,2.0.0,2026-09-18T12:00:00Z
50864,2026-09-01T12:56:00Z,P/N,Malad / Marve / Malvani,5000,+91-9735948726,0.79,19.186,72.8559,fulfilled,true,42,2.0.0,2026-09-18T12:00:00Z
50865,2026-09-01T15:01:00Z,A,Colaba / Fort / Nariman Point,2000,+91-9756256548,0.22,18.9176,72.8289,fulfilled,true,42,2.0.0,2026-09-18T12:00:00Z
50866,2026-09-01T13:32:00Z,A,Colaba / Fort / Nariman Point,5000,+91-9748457155,0.22,18.9268,72.8267,fulfilled,true,42,2.0.0,2026-09-18T12:00:00Z
50867,2026-09-01T16:41:00Z,F/S,Parel / Sewri / Lalbaug,5000,+91-9725587295,0.42,18.9923,72.8399,fulfilled,true,42,2.0.0,2026-09-18T12:00:00Z
50868,2026-09-01T22:55:00Z,D,Malabar Hill / Walkeshwar,2000,+91-9766756595,0.16,18.9536,72.8052,fulfilled,true,42,2.0.0,2026-09-18T12:00:00Z
50869,2026-09-01T19:11:00Z,H/W,Bandra West / Khar,5000,+91-9728463740,0.28,19.0641,72.8279,fulfilled,true,42,2.0.0,2026-09-18T12:00:00Z
50870,2026-09-01T08:09:00Z,R/C,Borivali / Gorai,1000,+91-9765242534,0.46,19.2351,72.8532,fulfilled,true,42,2.0.0,2026-09-18T12:00:00Z
50871,2026-09-01T17:25:00Z,F/S,Parel / Sewri / Lalbaug,1000,+91-9753578580,0.42,19.0044,72.8379,fulfilled,true,42,2.0.0,2026-09-18T12:00:00Z
50872,2026-09-01T18:01:00Z,F/N,Matunga / Sion / Wadala,10000,+91-9779744639,0.74,19.0248,72.8553,fulfilled,true,42,2.0.0,2026-09-18T12:00:00Z
50873,2026-09-01T19:12:00Z,H/W,Bandra West / Khar,1000,+91-9758649762,0.28,19.055,72.8257,fulfilled,true,42,2.0.0,2026-09-18T12:00:00Z
50874,2026-09-01T13:41:00Z,R/N,Dahisar / Mandapeshwar,2000,+91-9738679771,0.42,19.2599,72.8657,fulfilled,true,42,2.0.0,2026-09-18T12:00:00Z
50875,2026-09-01T20:02:00Z,G/N,Dharavi / Mahim / Dadar West,2000,+91-9748391854,0.93,19.0493,72.8452,fulfilled,true,42,2.0.0,2026-09-18T12:00:00Z
50876,2026-09-01T18:42:00Z,H/E,Bandra East / Santacruz East,2000,+91-9784444777,0.71,19.0584,72.8449,fulfilled,true,42,2.0.0,2026-09-18T12:00:00Z
50877,2026-09-01T16:51:00Z,F/N,Matunga / Sion / Wadala,5000,+91-9750086660,0.74,19.0284,72.8616,fulfilled,true,42,2.0.0,2026-09-18T12:00:00Z
50878,2026-09-01T12:21:00Z,S,Bhandup / Kanjurmarg / Powai,1000,+91-9731808594,0.69,19.1446,72.9326,fulfilled,true,42,2.0.0,2026-09-18T12:00:00Z
50879,2026-09-01T22:47:00Z,R/C,Borivali / Gorai,1000,+91-9720494767,0.46,19.2332,72.8602,fulfilled,true,42,2.0.0,2026-09-18T12:00:00Z
50880,2026-09-01T09:18:00Z,C,Marine Lines / Chandanwadi,5000,+91-9711997365,0.32,18.9481,72.8216,fulfilled,true,42,2.0.0,2026-09-18T12:00:00Z
50881,2026-09-01T10:54:00Z,D,Malabar Hill / Walkeshwar,10000,+91-9770649903,0.16,18.9679,72.8121,fulfilled,true,42,2.0.0,2026-09-18T12:00:00Z
50882,2026-09-01T15:50:00Z,P/N,Malad / Marve / Malvani,10000,+91-9735522881,0.79,19.1881,72.8489,fulfilled,true,42,2.0.0,2026-09-18T12:00:00Z
50883,2026-09-01T21:30:00Z,L,Kurla / Asalpha / Sakinaka,1000,+91-9727124815,0.88,19.0792,72.8756,fulfilled,true,42,2.0.0,2026-09-18T12:00:00Z
50884,2026-09-01T20:38:00Z,F/N,Matunga / Sion / Wadala,5000,+91-9715450770,0.74,19.0202,72.8586,fulfilled,true,42,2.0.0,2026-09-18T12:00:00Z
50885,2026-09-01T14:23:00Z,T,Mulund / Nahur,5000,+91-9742745559,0.48,19.1759,72.9639,fulfilled,true,42,2.0.0,2026-09-18T12:00:00Z
50886,2026-09-01T06:16:00Z,R/S,Kandivali West & East,2000,+91-9739109569,0.52,19.2032,72.8552,fulfilled,true,42,2.0.0,2026-09-18T12:00:00Z
50887,2026-09-01T11:15:00Z,B,Sandhurst Road / Dongri,5000,+91-9715361322,0.4,18.9532,72.8433,fulfilled,true,42,2.0.0,2026-09-18T12:00:00Z
50888,2026-09-01T09:30:00Z,M/W,Chembur West / Tilak Nagar,5000,+91-9752765587,0.55,19.0573,72.8983,fulfilled,true,42,2.0.0,2026-09-18T12:00:00Z
50889,2026-09-02T12:50:00Z,S,Bhandup / Kanjurmarg / Powai,10000,+91-9745562215,0.69,19.1368,72.9286,fulfilled,true,42,2.0.0,2026-09-18T12:00:00Z
50890,2026-09-02T08:54:00Z,P/N,Malad / Marve / Malvani,10000,+91-9737050534,0.79,19.1822,72.8465,fulfilled,true,42,2.0.0,2026-09-18T12:00:00Z
50891,2026-09-02T22:44:00Z,B,Sandhurst Road / Dongri,10000,+91-9721261572,0.4,18.9533,72.8427,fulfilled,true,42,2.0.0,2026-09-18T12:00:00Z
50892,2026-09-02T08:46:00Z,P/N,Malad / Marve / Malvani,10000,+91-9753996093,0.79,19.1897,72.8493,fulfilled,true,42,2.0.0,2026-09-18T12:00:00Z
50893,2026-09-02T08:21:00Z,K/E,Andheri East / Marol,1000,+91-9772879589,0.65,19.1066,72.868,fulfilled,true,42,2.0.0,2026-09-18T12:00:00Z
50894,2026-09-02T06:49:00Z,N,Ghatkopar / Pant Nagar,5000,+91-9785986472,0.61,19.0755,72.9011,fulfilled,true,42,2.0.0,2026-09-18T12:00:00Z
50895,2026-09-02T17:49:00Z,H/W,Bandra West / Khar,2000,+91-9724413800,0.28,19.0629,72.8275,fulfilled,true,42,2.0.0,2026-09-18T12:00:00Z
50896,2026-09-02T07:04:00Z,P/N,Malad / Marve / Malvani,2000,+91-9777455641,0.79,19.1877,72.8463,fulfilled,true,42,2.0.0,2026-09-18T12:00:00Z
50897,2026-09-02T17:08:00Z,K/E,Andheri East / Marol,10000,+91-9780212970,0.65,19.1156,72.8652,fulfilled,true,42,2.0.0,2026-09-18T12:00:00Z
50898,2026-09-02T18:28:00Z,M/E,Govandi / Mankhurd / Shivaji Nagar,5000,+91-9748158301,0.96,19.0532,72.913,fulfilled,true,42,2.0.0,2026-09-18T12:00:00Z
50899,2026-09-02T19:25:00Z,F/N,Matunga / Sion / Wadala,2000,+91-9787009724,0.74,19.0247,72.8624,fulfilled,true,42,2.0.0,2026-09-18T12:00:00Z
50900,2026-09-02T17:32:00Z,C,Marine Lines / Chandanwadi,1000,+91-9744706270,0.32,18.9513,72.8296,fulfilled,true,42,2.0.0,2026-09-18T12:00:00Z
50901,2026-09-02T13:57:00Z,K/E,Andheri East / Marol,2000,+91-9785520493,0.65,19.115,72.8685,fulfilled,true,42,2.0.0,2026-09-18T12:00:00Z
50902,2026-09-02T10:45:00Z,R/C,Borivali / Gorai,5000,+91-9745974929,0.46,19.2282,72.8587,fulfilled,true,42,2.0.0,2026-09-18T12:00:00Z
50903,2026-09-02T22:19:00Z,C,Marine Lines / Chandanwadi,2000,+91-9785206784,0.32,18.9428,72.828,fulfilled,true,42,2.0.0,2026-09-18T12:00:00Z
50904,2026-09-02T14:26:00Z,H/E,Bandra East / Santacruz East,5000,+91-9744974570,0.71,19.0573,72.8573,fulfilled,true,42,2.0.0,2026-09-18T12:00:00Z
50905,2026-09-02T12:49:00Z,F/S,Parel / Sewri / Lalbaug,5000,+91-9763917316,0.42,18.9917,72.8371,fulfilled,true,42,2.0.0,2026-09-18T12:00:00Z
50906,2026-09-02T14:22:00Z,L,Kurla / Asalpha / Sakinaka,1000,+91-9752559793,0.88,19.0679,72.8796,fulfilled,true,42,2.0.0,2026-09-18T12:00:00Z
50907,2026-09-02T05:18:00Z,P/S,Goregaon West & East,2000,+91-9774724035,0.58,19.1561,72.8361,fulfilled,true,42,2.0.0,2026-09-18T12:00:00Z
50908,2026-09-02T19:41:00Z,L,Kurla / Asalpha / Sakinaka,10000,+91-9793815538,0.88,19.0739,72.8755,fulfilled,true,42,2.0.0,2026-09-18T12:00:00Z
50909,2026-09-02T22:22:00Z,R/N,Dahisar / Mandapeshwar,10000,+91-9755599429,0.42,19.2477,72.8625,fulfilled,true,42,2.0.0,2026-09-18T12:00:00Z
50910,2026-09-02T12:57:00Z,R/S,Kandivali West & East,1000,+91-9780082963,0.52,19.208,72.8528,fulfilled,true,42,2.0.0,2026-09-18T12:00:00Z
50911,2026-09-02T22:20:00Z,E,Byculla / Mazgaon / Nagpada,1000,+91-9715550721,0.48,18.9773,72.8263,fulfilled,true,42,2.0.0,2026-09-18T12:00:00Z
50912,2026-09-02T05:22:00Z,P/N,Malad / Marve / Malvani,5000,+91-9735334932,0.79,19.1819,72.8404,fulfilled,true,42,2.0.0,2026-09-18T12:00:00Z
50913,2026-09-02T15:50:00Z,F/N,Matunga / Sion / Wadala,2000,+91-9716268446,0.74,19.0239,72.8641,fulfilled,true,42,2.0.0,2026-09-18T12:00:00Z
50914,2026-09-02T09:35:00Z,R/C,Borivali / Gorai,5000,+91-9796508633,0.46,19.2266,72.849,fulfilled,true,42,2.0.0,2026-09-18T12:00:00Z
50915,2026-09-02T19:44:00Z,M/E,Govandi / Mankhurd / Shivaji Nagar,10000,+91-9722558719,0.96,19.057,72.9206,fulfilled,true,42,2.0.0,2026-09-18T12:00:00Z
50916,2026-09-02T21:08:00Z,G/N,Dharavi / Mahim / Dadar West,5000,+91-9759727209,0.93,19.0389,72.8383,fulfilled,true,42,2.0.0,2026-09-18T12:00:00Z
50917,2026-09-02T20:01:00Z,E,Byculla / Mazgaon / Nagpada,2000,+91-9775169777,0.48,18.9756,72.8399,fulfilled,true,42,2.0.0,2026-09-18T12:00:00Z
50918,2026-09-02T21:26:00Z,G/S,Worli / Lower Parel,2000,+91-9748479554,0.36,19.0025,72.823,fulfilled,true,42,2.0.0,2026-09-18T12:00:00Z
50919,2026-09-02T13:11:00Z,G/N,Dharavi / Mahim / Dadar West,5000,+91-9750261020,0.93,19.0371,72.8518,fulfilled,true,42,2.0.0,2026-09-18T12:00:00Z
50920,2026-09-02T10:49:00Z,N,Ghatkopar / Pant Nagar,5000,+91-9741590016,0.61,19.086,72.9079,fulfilled,true,42,2.0.0,2026-09-18T12:00:00Z
50921,2026-09-02T18:31:00Z,N,Ghatkopar / Pant Nagar,2000,+91-9751379938,0.61,19.0759,72.9028,fulfilled,true,42,2.0.0,2026-09-18T12:00:00Z
50922,2026-09-02T14:46:00Z,T,Mulund / Nahur,1000,+91-9798046645,0.48,19.1667,72.9546,fulfilled,true,42,2.0.0,2026-09-18T12:00:00Z
50923,2026-09-02T05:43:00Z,M/E,Govandi / Mankhurd / Shivaji Nagar,1000,+91-9742713653,0.96,19.0589,72.9237,fulfilled,true,42,2.0.0,2026-09-18T12:00:00Z
50924,2026-09-02T11:20:00Z,R/S,Kandivali West & East,10000,+91-9769837926,0.52,19.2046,72.8446,fulfilled,true,42,2.0.0,2026-09-18T12:00:00Z
50925,2026-09-02T22:03:00Z,P/N,Malad / Marve / Malvani,10000,+91-9715807463,0.79,19.1797,72.8534,fulfilled,true,42,2.0.0,2026-09-18T12:00:00Z
50926,2026-09-02T14:07:00Z,K/W,Andheri West / Versova,10000,+91-9743785263,0.44,19.1301,72.825,fulfilled,true,42,2.0.0,2026-09-18T12:00:00Z
50927,2026-09-02T13:32:00Z,T,Mulund / Nahur,1000,+91-9784831471,0.48,19.1789,72.9512,fulfilled,true,42,2.0.0,2026-09-18T12:00:00Z
50928,2026-09-02T20:37:00Z,A,Colaba / Fort / Nariman Point,10000,+91-9767435821,0.22,18.923,72.828,fulfilled,true,42,2.0.0,2026-09-18T12:00:00Z
50929,2026-09-02T16:27:00Z,T,Mulund / Nahur,10000,+91-9721428473,0.48,19.1722,72.9499,fulfilled,true,42,2.0.0,2026-09-18T12:00:00Z
50930,2026-09-02T15:55:00Z,N,Ghatkopar / Pant Nagar,1000,+91-9719858406,0.61,19.0783,72.9048,fulfilled,true,42,2.0.0,2026-09-18T12:00:00Z
50931,2026-09-02T19:18:00Z,R/N,Dahisar / Mandapeshwar,5000,+91-9784083069,0.42,19.2489,72.863,fulfilled,true,42,2.0.0,2026-09-18T12:00:00Z
50932,2026-09-02T20:24:00Z,M/E,Govandi / Mankhurd / Shivaji Nagar,5000,+91-9712359217,0.96,19.0624,72.9124,fulfilled,true,42,2.0.0,2026-09-18T12:00:00Z
50933,2026-09-03T13:14:00Z,T,Mulund / Nahur,1000,+91-9776372238,0.48,19.1764,72.9544,fulfilled,true,42,2.0.0,2026-09-18T12:00:00Z
50934,2026-09-03T16:17:00Z,H/E,Bandra East / Santacruz East,10000,+91-9746749979,0.71,19.0606,72.8501,fulfilled,true,42,2.0.0,2026-09-18T12:00:00Z
50935,2026-09-03T13:53:00Z,B,Sandhurst Road / Dongri,5000,+91-9713093551,0.4,18.9439,72.8333,fulfilled,true,42,2.0.0,2026-09-18T12:00:00Z
50936,2026-09-03T19:07:00Z,P/S,Goregaon West & East,1000,+91-9717149598,0.58,19.1641,72.8389,fulfilled,true,42,2.0.0,2026-09-18T12:00:00Z
50937,2026-09-03T14:18:00Z,S,Bhandup / Kanjurmarg / Powai,1000,+91-9752022144,0.69,19.1366,72.9359,fulfilled,true,42,2.0.0,2026-09-18T12:00:00Z
50938,2026-09-03T07:17:00Z,G/N,Dharavi / Mahim / Dadar West,10000,+91-9722789866,0.93,19.0371,72.8399,fulfilled,true,42,2.0.0,2026-09-18T12:00:00Z
50939,2026-09-03T06:30:00Z,R/S,Kandivali West & East,10000,+91-9741816815,0.52,19.2018,72.8583,fulfilled,true,42,2.0.0,2026-09-18T12:00:00Z
50940,2026-09-03T13:09:00Z,R/N,Dahisar / Mandapeshwar,10000,+91-9710122018,0.42,19.2489,72.8605,fulfilled,true,42,2.0.0,2026-09-18T12:00:00Z
50941,2026-09-03T05:16:00Z,P/N,Malad / Marve / Malvani,5000,+91-9726644406,0.79,19.1795,72.8412,fulfilled,true,42,2.0.0,2026-09-18T12:00:00Z
50942,2026-09-03T18:47:00Z,F/S,Parel / Sewri / Lalbaug,2000,+91-9731267209,0.42,18.9929,72.8417,fulfilled,true,42,2.0.0,2026-09-18T12:00:00Z
50943,2026-09-03T16:22:00Z,D,Malabar Hill / Walkeshwar,10000,+91-9755013750,0.16,18.9669,72.8174,fulfilled,true,42,2.0.0,2026-09-18T12:00:00Z
50944,2026-09-03T05:18:00Z,M/W,Chembur West / Tilak Nagar,2000,+91-9797880298,0.55,19.053,72.8985,fulfilled,true,42,2.0.0,2026-09-18T12:00:00Z
50945,2026-09-03T18:15:00Z,B,Sandhurst Road / Dongri,10000,+91-9740111815,0.4,18.9498,72.8443,fulfilled,true,42,2.0.0,2026-09-18T12:00:00Z
50946,2026-09-03T05:32:00Z,M/W,Chembur West / Tilak Nagar,5000,+91-9791337204,0.55,19.0646,72.8956,fulfilled,true,42,2.0.0,2026-09-18T12:00:00Z
50947,2026-09-03T13:39:00Z,F/S,Parel / Sewri / Lalbaug,2000,+91-9725946827,0.42,18.993,72.851,fulfilled,true,42,2.0.0,2026-09-18T12:00:00Z
50948,2026-09-03T15:34:00Z,B,Sandhurst Road / Dongri,2000,+91-9765058215,0.4,18.9518,72.8389,fulfilled,true,42,2.0.0,2026-09-18T12:00:00Z
50949,2026-09-03T17:23:00Z,C,Marine Lines / Chandanwadi,5000,+91-9730709206,0.32,18.9493,72.8227,fulfilled,true,42,2.0.0,2026-09-18T12:00:00Z
50950,2026-09-03T22:38:00Z,H/E,Bandra East / Santacruz East,10000,+91-9759305111,0.71,19.0569,72.8548,fulfilled,true,42,2.0.0,2026-09-18T12:00:00Z
50951,2026-09-03T13:43:00Z,G/S,Worli / Lower Parel,5000,+91-9776583550,0.36,19.0084,72.825,fulfilled,true,42,2.0.0,2026-09-18T12:00:00Z
50952,2026-09-03T21:12:00Z,E,Byculla / Mazgaon / Nagpada,5000,+91-9719935210,0.48,18.9747,72.8278,fulfilled,true,42,2.0.0,2026-09-18T12:00:00Z
50953,2026-09-03T07:37:00Z,P/S,Goregaon West & East,1000,+91-9739984510,0.58,19.1699,72.8385,fulfilled,true,42,2.0.0,2026-09-18T12:00:00Z
50954,2026-09-03T18:17:00Z,K/E,Andheri East / Marol,5000,+91-9792866072,0.65,19.121,72.8654,fulfilled,true,42,2.0.0,2026-09-18T12:00:00Z
50955,2026-09-03T20:33:00Z,T,Mulund / Nahur,1000,+91-9732402792,0.48,19.1642,72.9545,fulfilled,true,42,2.0.0,2026-09-18T12:00:00Z
50956,2026-09-03T05:14:00Z,G/S,Worli / Lower Parel,10000,+91-9773360720,0.36,18.9983,72.8204,fulfilled,true,42,2.0.0,2026-09-18T12:00:00Z
50957,2026-09-03T17:10:00Z,M/W,Chembur West / Tilak Nagar,1000,+91-9770540760,0.55,19.0588,72.8926,fulfilled,true,42,2.0.0,2026-09-18T12:00:00Z
50958,2026-09-03T20:13:00Z,C,Marine Lines / Chandanwadi,5000,+91-9740501533,0.32,18.9432,72.8252,fulfilled,true,42,2.0.0,2026-09-18T12:00:00Z
50959,2026-09-03T16:45:00Z,H/W,Bandra West / Khar,2000,+91-9722610842,0.28,19.0625,72.8288,fulfilled,true,42,2.0.0,2026-09-18T12:00:00Z
50960,2026-09-03T15:37:00Z,M/W,Chembur West / Tilak Nagar,5000,+91-9790362941,0.55,19.0565,72.8999,fulfilled,true,42,2.0.0,2026-09-18T12:00:00Z
50961,2026-09-03T22:36:00Z,H/W,Bandra West / Khar,5000,+91-9783441680,0.28,19.055,72.833,fulfilled,true,42,2.0.0,2026-09-18T12:00:00Z
50962,2026-09-03T10:18:00Z,D,Malabar Hill / Walkeshwar,1000,+91-9710334748,0.16,18.969,72.8078,fulfilled,true,42,2.0.0,2026-09-18T12:00:00Z
50963,2026-09-03T22:39:00Z,S,Bhandup / Kanjurmarg / Powai,5000,+91-9727043536,0.69,19.1485,72.9291,fulfilled,true,42,2.0.0,2026-09-18T12:00:00Z
50964,2026-09-03T20:59:00Z,C,Marine Lines / Chandanwadi,5000,+91-9779059691,0.32,18.9484,72.8275,fulfilled,true,42,2.0.0,2026-09-18T12:00:00Z
50965,2026-09-03T08:16:00Z,S,Bhandup / Kanjurmarg / Powai,1000,+91-9794046622,0.69,19.14,72.9236,fulfilled,true,42,2.0.0,2026-09-18T12:00:00Z
50966,2026-09-03T19:30:00Z,S,Bhandup / Kanjurmarg / Powai,2000,+91-9769214972,0.69,19.1435,72.9343,fulfilled,true,42,2.0.0,2026-09-18T12:00:00Z
50967,2026-09-03T22:05:00Z,C,Marine Lines / Chandanwadi,10000,+91-9727385972,0.32,18.9433,72.8321,fulfilled,true,42,2.0.0,2026-09-18T12:00:00Z
50968,2026-09-03T21:10:00Z,K/W,Andheri West / Versova,5000,+91-9723628464,0.44,19.1251,72.8312,fulfilled,true,42,2.0.0,2026-09-18T12:00:00Z
50969,2026-09-03T17:28:00Z,R/S,Kandivali West & East,1000,+91-9763635757,0.52,19.2008,72.8477,fulfilled,true,42,2.0.0,2026-09-18T12:00:00Z
50970,2026-09-03T18:19:00Z,G/S,Worli / Lower Parel,10000,+91-9739920139,0.36,19.0102,72.8137,fulfilled,true,42,2.0.0,2026-09-18T12:00:00Z
50971,2026-09-03T08:52:00Z,G/N,Dharavi / Mahim / Dadar West,1000,+91-9716444363,0.93,19.0507,72.8486,fulfilled,true,42,2.0.0,2026-09-18T12:00:00Z
50972,2026-09-03T07:35:00Z,G/S,Worli / Lower Parel,1000,+91-9791725958,0.36,19.0021,72.8141,fulfilled,true,42,2.0.0,2026-09-18T12:00:00Z
50973,2026-09-03T14:41:00Z,B,Sandhurst Road / Dongri,2000,+91-9789321317,0.4,18.9508,72.8351,fulfilled,true,42,2.0.0,2026-09-18T12:00:00Z
50974,2026-09-03T07:29:00Z,M/W,Chembur West / Tilak Nagar,2000,+91-9744213668,0.55,19.0548,72.9039,fulfilled,true,42,2.0.0,2026-09-18T12:00:00Z
50975,2026-09-03T17:12:00Z,M/E,Govandi / Mankhurd / Shivaji Nagar,1000,+91-9787490789,0.96,19.0485,72.911,fulfilled,true,42,2.0.0,2026-09-18T12:00:00Z
50976,2026-09-03T20:03:00Z,L,Kurla / Asalpha / Sakinaka,10000,+91-9724140109,0.88,19.0776,72.8873,fulfilled,true,42,2.0.0,2026-09-18T12:00:00Z
50977,2026-09-03T19:13:00Z,K/E,Andheri East / Marol,5000,+91-9792745641,0.65,19.1174,72.8759,fulfilled,true,42,2.0.0,2026-09-18T12:00:00Z
50978,2026-09-03T18:43:00Z,F/S,Parel / Sewri / Lalbaug,10000,+91-9776281336,0.42,19.0029,72.8449,fulfilled,true,42,2.0.0,2026-09-18T12:00:00Z
50979,2026-09-03T08:16:00Z,N,Ghatkopar / Pant Nagar,1000,+91-9749569126,0.61,19.0765,72.9027,fulfilled,true,42,2.0.0,2026-09-18T12:00:00Z
50980,2026-09-03T20:01:00Z,M/W,Chembur West / Tilak Nagar,1000,+91-9737018565,0.55,19.0685,72.8961,fulfilled,true,42,2.0.0,2026-09-18T12:00:00Z
50981,2026-09-03T09:53:00Z,H/W,Bandra West / Khar,2000,+91-9738144330,0.28,19.0608,72.8342,fulfilled,true,42,2.0.0,2026-09-18T12:00:00Z
50982,2026-09-03T16:01:00Z,K/E,Andheri East / Marol,10000,+91-9756019083,0.65,19.1062,72.8725,fulfilled,true,42,2.0.0,2026-09-18T12:00:00Z
50983,2026-09-04T16:54:00Z,A,Colaba / Fort / Nariman Point,10000,+91-9728514089,0.22,18.9259,72.8387,fulfilled,true,42,2.0.0,2026-09-18T12:00:00Z
50984,2026-09-04T20:10:00Z,M/W,Chembur West / Tilak Nagar,2000,+91-9741286270,0.55,19.0565,72.8904,fulfilled,true,42,2.0.0,2026-09-18T12:00:00Z
50985,2026-09-04T10:39:00Z,M/W,Chembur West / Tilak Nagar,2000,+91-9748831725,0.55,19.057,72.9036,fulfilled,true,42,2.0.0,2026-09-18T12:00:00Z
50986,2026-09-04T13:20:00Z,D,Malabar Hill / Walkeshwar,10000,+91-9775564244,0.16,18.9669,72.8164,fulfilled,true,42,2.0.0,2026-09-18T12:00:00Z
50987,2026-09-04T19:06:00Z,B,Sandhurst Road / Dongri,1000,+91-9715852609,0.4,18.9581,72.8322,fulfilled,true,42,2.0.0,2026-09-18T12:00:00Z
50988,2026-09-04T12:06:00Z,R/S,Kandivali West & East,5000,+91-9791489273,0.52,19.2016,72.8505,fulfilled,true,42,2.0.0,2026-09-18T12:00:00Z
50989,2026-09-04T06:21:00Z,H/E,Bandra East / Santacruz East,1000,+91-9770891809,0.71,19.0552,72.8508,fulfilled,true,42,2.0.0,2026-09-18T12:00:00Z
50990,2026-09-04T08:19:00Z,K/W,Andheri West / Versova,5000,+91-9752406232,0.44,19.1232,72.8349,fulfilled,true,42,2.0.0,2026-09-18T12:00:00Z
50991,2026-09-04T10:14:00Z,L,Kurla / Asalpha / Sakinaka,1000,+91-9776335879,0.88,19.0684,72.8778,fulfilled,true,42,2.0.0,2026-09-18T12:00:00Z
50992,2026-09-04T10:05:00Z,A,Colaba / Fort / Nariman Point,10000,+91-9795097147,0.22,18.9179,72.8346,fulfilled,true,42,2.0.0,2026-09-18T12:00:00Z
50993,2026-09-04T15:23:00Z,P/S,Goregaon West & East,10000,+91-9781117775,0.58,19.1698,72.8444,fulfilled,true,42,2.0.0,2026-09-18T12:00:00Z
50994,2026-09-04T13:07:00Z,M/W,Chembur West / Tilak Nagar,2000,+91-9712730768,0.55,19.0607,72.8928,fulfilled,true,42,2.0.0,2026-09-18T12:00:00Z
50995,2026-09-04T12:58:00Z,D,Malabar Hill / Walkeshwar,2000,+91-9796479390,0.16,18.96,72.8096,fulfilled,true,42,2.0.0,2026-09-18T12:00:00Z
50996,2026-09-04T17:35:00Z,T,Mulund / Nahur,10000,+91-9724660670,0.48,19.1693,72.9528,fulfilled,true,42,2.0.0,2026-09-18T12:00:00Z
50997,2026-09-04T10:19:00Z,R/S,Kandivali West & East,5000,+91-9720622964,0.52,19.2105,72.8447,fulfilled,true,42,2.0.0,2026-09-18T12:00:00Z
50998,2026-09-04T12:01:00Z,S,Bhandup / Kanjurmarg / Powai,10000,+91-9720574794,0.69,19.1377,72.9352,fulfilled,true,42,2.0.0,2026-09-18T12:00:00Z
50999,2026-09-04T21:07:00Z,P/S,Goregaon West & East,1000,+91-9789636850,0.58,19.155,72.8426,fulfilled,true,42,2.0.0,2026-09-18T12:00:00Z
51000,2026-09-04T16:09:00Z,R/C,Borivali / Gorai,2000,+91-9733496565,0.46,19.2243,72.8581,fulfilled,true,42,2.0.0,2026-09-18T12:00:00Z
51001,2026-09-04T13:08:00Z,T,Mulund / Nahur,1000,+91-9781648667,0.48,19.1733,72.9557,fulfilled,true,42,2.0.0,2026-09-18T12:00:00Z
51002,2026-09-04T05:08:00Z,S,Bhandup / Kanjurmarg / Powai,2000,+91-9748418913,0.69,19.1373,72.9308,fulfilled,true,42,2.0.0,2026-09-18T12:00:00Z
51003,2026-09-04T08:04:00Z,R/C,Borivali / Gorai,10000,+91-9728782017,0.46,19.2328,72.8514,fulfilled,true,42,2.0.0,2026-09-18T12:00:00Z
51004,2026-09-04T09:40:00Z,H/W,Bandra West / Khar,5000,+91-9784668152,0.28,19.0508,72.826,fulfilled,true,42,2.0.0,2026-09-18T12:00:00Z
51005,2026-09-04T09:26:00Z,F/S,Parel / Sewri / Lalbaug,2000,+91-9763351544,0.42,18.9973,72.8464,fulfilled,true,42,2.0.0,2026-09-18T12:00:00Z
51006,2026-09-04T18:09:00Z,T,Mulund / Nahur,10000,+91-9745292018,0.48,19.1666,72.9522,fulfilled,true,42,2.0.0,2026-09-18T12:00:00Z
51007,2026-09-04T21:08:00Z,N,Ghatkopar / Pant Nagar,10000,+91-9745482107,0.61,19.089,72.9056,fulfilled,true,42,2.0.0,2026-09-18T12:00:00Z
51008,2026-09-04T07:06:00Z,A,Colaba / Fort / Nariman Point,5000,+91-9712224970,0.22,18.917,72.8384,fulfilled,true,42,2.0.0,2026-09-18T12:00:00Z
51009,2026-09-04T14:49:00Z,D,Malabar Hill / Walkeshwar,10000,+91-9746120450,0.16,18.9629,72.8109,fulfilled,true,42,2.0.0,2026-09-18T12:00:00Z
51010,2026-09-04T09:31:00Z,K/E,Andheri East / Marol,2000,+91-9751177621,0.65,19.1169,72.875,fulfilled,true,42,2.0.0,2026-09-18T12:00:00Z
51011,2026-09-04T16:18:00Z,L,Kurla / Asalpha / Sakinaka,5000,+91-9760982913,0.88,19.0677,72.876,fulfilled,true,42,2.0.0,2026-09-18T12:00:00Z
51012,2026-09-04T16:08:00Z,F/N,Matunga / Sion / Wadala,1000,+91-9745730848,0.74,19.0233,72.8621,fulfilled,true,42,2.0.0,2026-09-18T12:00:00Z
51013,2026-09-04T12:22:00Z,G/S,Worli / Lower Parel,10000,+91-9743195832,0.36,19.01,72.8212,fulfilled,true,42,2.0.0,2026-09-18T12:00:00Z
51014,2026-09-04T08:07:00Z,R/N,Dahisar / Mandapeshwar,10000,+91-9736732932,0.42,19.2476,72.8577,fulfilled,true,42,2.0.0,2026-09-18T12:00:00Z
51015,2026-09-04T22:34:00Z,N,Ghatkopar / Pant Nagar,5000,+91-9764889679,0.61,19.0884,72.9087,fulfilled,true,42,2.0.0,2026-09-18T12:00:00Z
51016,2026-09-04T09:58:00Z,R/C,Borivali / Gorai,2000,+91-9785047404,0.46,19.2328,72.8507,fulfilled,true,42,2.0.0,2026-09-18T12:00:00Z
51017,2026-09-04T07:36:00Z,L,Kurla / Asalpha / Sakinaka,10000,+91-9763725264,0.88,19.0766,72.8752,fulfilled,true,42,2.0.0,2026-09-18T12:00:00Z
51018,2026-09-04T08:59:00Z,N,Ghatkopar / Pant Nagar,10000,+91-9719546458,0.61,19.0823,72.912,fulfilled,true,42,2.0.0,2026-09-18T12:00:00Z
51019,2026-09-04T06:54:00Z,R/C,Borivali / Gorai,1000,+91-9733670867,0.46,19.2354,72.8507,fulfilled,true,42,2.0.0,2026-09-18T12:00:00Z
51020,2026-09-04T22:29:00Z,H/W,Bandra West / Khar,1000,+91-9723738874,0.28,19.0515,72.8369,fulfilled,true,42,2.0.0,2026-09-18T12:00:00Z
51021,2026-09-04T07:59:00Z,S,Bhandup / Kanjurmarg / Powai,10000,+91-9736727885,0.69,19.1382,72.9245,fulfilled,true,42,2.0.0,2026-09-18T12:00:00Z
51022,2026-09-04T07:19:00Z,A,Colaba / Fort / Nariman Point,10000,+91-9715178007,0.22,18.9295,72.8408,fulfilled,true,42,2.0.0,2026-09-18T12:00:00Z
51023,2026-09-04T20:07:00Z,G/N,Dharavi / Mahim / Dadar West,2000,+91-9757657146,0.93,19.0509,72.8516,fulfilled,true,42,2.0.0,2026-09-18T12:00:00Z
51024,2026-09-04T17:06:00Z,S,Bhandup / Kanjurmarg / Powai,1000,+91-9767656141,0.69,19.1457,72.926,fulfilled,true,42,2.0.0,2026-09-18T12:00:00Z
51025,2026-09-04T10:40:00Z,G/N,Dharavi / Mahim / Dadar West,10000,+91-9776526345,0.93,19.0418,72.8403,fulfilled,true,42,2.0.0,2026-09-18T12:00:00Z
51026,2026-09-04T11:59:00Z,S,Bhandup / Kanjurmarg / Powai,10000,+91-9720172837,0.69,19.134,72.9353,fulfilled,true,42,2.0.0,2026-09-18T12:00:00Z
51027,2026-09-04T08:40:00Z,K/E,Andheri East / Marol,2000,+91-9758677107,0.65,19.1189,72.8683,fulfilled,true,42,2.0.0,2026-09-18T12:00:00Z
51028,2026-09-04T22:59:00Z,G/N,Dharavi / Mahim / Dadar West,10000,+91-9752952437,0.93,19.0409,72.8424,fulfilled,true,42,2.0.0,2026-09-18T12:00:00Z
51029,2026-09-05T16:13:00Z,A,Colaba / Fort / Nariman Point,5000,+91-9773452949,0.22,18.9295,72.8336,fulfilled,true,42,2.0.0,2026-09-18T12:00:00Z
51030,2026-09-05T08:47:00Z,T,Mulund / Nahur,10000,+91-9769228559,0.48,19.1723,72.9487,fulfilled,true,42,2.0.0,2026-09-18T12:00:00Z
51031,2026-09-05T16:32:00Z,K/W,Andheri West / Versova,5000,+91-9790628759,0.44,19.1327,72.8295,fulfilled,true,42,2.0.0,2026-09-18T12:00:00Z
51032,2026-09-05T22:19:00Z,L,Kurla / Asalpha / Sakinaka,2000,+91-9784156343,0.88,19.0695,72.8839,fulfilled,true,42,2.0.0,2026-09-18T12:00:00Z
51033,2026-09-05T16:11:00Z,D,Malabar Hill / Walkeshwar,1000,+91-9797061571,0.16,18.9566,72.8072,fulfilled,true,42,2.0.0,2026-09-18T12:00:00Z
51034,2026-09-05T19:39:00Z,M/W,Chembur West / Tilak Nagar,5000,+91-9711026899,0.55,19.0685,72.8963,fulfilled,true,42,2.0.0,2026-09-18T12:00:00Z
51035,2026-09-05T10:53:00Z,K/W,Andheri West / Versova,10000,+91-9730084757,0.44,19.1298,72.8331,fulfilled,true,42,2.0.0,2026-09-18T12:00:00Z
51036,2026-09-05T22:52:00Z,R/S,Kandivali West & East,1000,+91-9721676778,0.52,19.1993,72.8589,fulfilled,true,42,2.0.0,2026-09-18T12:00:00Z
51037,2026-09-05T05:58:00Z,M/W,Chembur West / Tilak Nagar,5000,+91-9739761199,0.55,19.0618,72.9026,fulfilled,true,42,2.0.0,2026-09-18T12:00:00Z
51038,2026-09-05T09:59:00Z,K/W,Andheri West / Versova,10000,+91-9714219723,0.44,19.1298,72.8335,fulfilled,true,42,2.0.0,2026-09-18T12:00:00Z
51039,2026-09-05T10:05:00Z,R/C,Borivali / Gorai,10000,+91-9757936343,0.46,19.2236,72.8627,fulfilled,true,42,2.0.0,2026-09-18T12:00:00Z
51040,2026-09-05T10:56:00Z,M/W,Chembur West / Tilak Nagar,10000,+91-9718956342,0.55,19.065,72.8934,fulfilled,true,42,2.0.0,2026-09-18T12:00:00Z
51041,2026-09-05T05:10:00Z,G/N,Dharavi / Mahim / Dadar West,2000,+91-9737167139,0.93,19.0373,72.8401,fulfilled,true,42,2.0.0,2026-09-18T12:00:00Z
51042,2026-09-05T10:44:00Z,H/W,Bandra West / Khar,1000,+91-9746572367,0.28,19.0524,72.8277,fulfilled,true,42,2.0.0,2026-09-18T12:00:00Z
51043,2026-09-05T19:55:00Z,P/N,Malad / Marve / Malvani,5000,+91-9778267987,0.79,19.1796,72.8473,fulfilled,true,42,2.0.0,2026-09-18T12:00:00Z
51044,2026-09-05T14:47:00Z,G/S,Worli / Lower Parel,2000,+91-9733921347,0.36,19.0007,72.8191,fulfilled,true,42,2.0.0,2026-09-18T12:00:00Z
51045,2026-09-05T11:35:00Z,G/S,Worli / Lower Parel,1000,+91-9763126271,0.36,19.0057,72.8227,fulfilled,true,42,2.0.0,2026-09-18T12:00:00Z
51046,2026-09-05T12:07:00Z,A,Colaba / Fort / Nariman Point,10000,+91-9764903157,0.22,18.9229,72.8409,fulfilled,true,42,2.0.0,2026-09-18T12:00:00Z
51047,2026-09-05T12:59:00Z,F/N,Matunga / Sion / Wadala,10000,+91-9760408503,0.74,19.0283,72.8638,fulfilled,true,42,2.0.0,2026-09-18T12:00:00Z
51048,2026-09-05T11:37:00Z,K/E,Andheri East / Marol,1000,+91-9774004280,0.65,19.1196,72.8765,fulfilled,true,42,2.0.0,2026-09-18T12:00:00Z
51049,2026-09-05T08:09:00Z,R/C,Borivali / Gorai,1000,+91-9737178263,0.46,19.2369,72.8568,fulfilled,true,42,2.0.0,2026-09-18T12:00:00Z
51050,2026-09-05T16:19:00Z,R/C,Borivali / Gorai,1000,+91-9758353514,0.46,19.222,72.8518,fulfilled,true,42,2.0.0,2026-09-18T12:00:00Z
51051,2026-09-05T07:07:00Z,H/E,Bandra East / Santacruz East,1000,+91-9741350221,0.71,19.0592,72.8457,fulfilled,true,42,2.0.0,2026-09-18T12:00:00Z
51052,2026-09-05T22:30:00Z,F/S,Parel / Sewri / Lalbaug,5000,+91-9739109996,0.42,18.9963,72.841,fulfilled,true,42,2.0.0,2026-09-18T12:00:00Z
51053,2026-09-05T05:34:00Z,C,Marine Lines / Chandanwadi,5000,+91-9722723325,0.32,18.9435,72.82,fulfilled,true,42,2.0.0,2026-09-18T12:00:00Z
51054,2026-09-05T07:19:00Z,L,Kurla / Asalpha / Sakinaka,2000,+91-9724417790,0.88,19.0696,72.8779,fulfilled,true,42,2.0.0,2026-09-18T12:00:00Z
51055,2026-09-05T06:03:00Z,L,Kurla / Asalpha / Sakinaka,10000,+91-9733799527,0.88,19.0655,72.8823,fulfilled,true,42,2.0.0,2026-09-18T12:00:00Z
51056,2026-09-05T19:07:00Z,K/E,Andheri East / Marol,1000,+91-9779578387,0.65,19.1066,72.8691,fulfilled,true,42,2.0.0,2026-09-18T12:00:00Z
51057,2026-09-05T21:32:00Z,A,Colaba / Fort / Nariman Point,1000,+91-9777311391,0.22,18.9236,72.8417,fulfilled,true,42,2.0.0,2026-09-18T12:00:00Z
51058,2026-09-05T14:23:00Z,F/N,Matunga / Sion / Wadala,1000,+91-9768378057,0.74,19.0214,72.8593,fulfilled,true,42,2.0.0,2026-09-18T12:00:00Z
51059,2026-09-05T09:13:00Z,A,Colaba / Fort / Nariman Point,5000,+91-9722865816,0.22,18.9224,72.8298,fulfilled,true,42,2.0.0,2026-09-18T12:00:00Z
51060,2026-09-05T08:40:00Z,L,Kurla / Asalpha / Sakinaka,5000,+91-9777290280,0.88,19.0776,72.8899,fulfilled,true,42,2.0.0,2026-09-18T12:00:00Z
51061,2026-09-05T13:47:00Z,H/W,Bandra West / Khar,5000,+91-9779628200,0.28,19.0645,72.8339,fulfilled,true,42,2.0.0,2026-09-18T12:00:00Z
51062,2026-09-05T10:25:00Z,M/E,Govandi / Mankhurd / Shivaji Nagar,2000,+91-9749088146,0.96,19.0591,72.9233,fulfilled,true,42,2.0.0,2026-09-18T12:00:00Z
51063,2026-09-05T19:40:00Z,L,Kurla / Asalpha / Sakinaka,5000,+91-9743755523,0.88,19.0791,72.8841,fulfilled,true,42,2.0.0,2026-09-18T12:00:00Z
51064,2026-09-05T22:32:00Z,N,Ghatkopar / Pant Nagar,5000,+91-9763848703,0.61,19.0851,72.9114,fulfilled,true,42,2.0.0,2026-09-18T12:00:00Z
51065,2026-09-05T14:46:00Z,H/W,Bandra West / Khar,10000,+91-9729075277,0.28,19.0571,72.8267,fulfilled,true,42,2.0.0,2026-09-18T12:00:00Z
51066,2026-09-05T17:34:00Z,H/W,Bandra West / Khar,10000,+91-9765866556,0.28,19.0584,72.8382,fulfilled,true,42,2.0.0,2026-09-18T12:00:00Z
51067,2026-09-05T06:31:00Z,G/S,Worli / Lower Parel,2000,+91-9724806146,0.36,19.013,72.8198,fulfilled,true,42,2.0.0,2026-09-18T12:00:00Z
51068,2026-09-05T19:11:00Z,H/W,Bandra West / Khar,1000,+91-9747829654,0.28,19.0573,72.8323,fulfilled,true,42,2.0.0,2026-09-18T12:00:00Z
51069,2026-09-05T09:24:00Z,A,Colaba / Fort / Nariman Point,2000,+91-9736421297,0.22,18.9239,72.8366,fulfilled,true,42,2.0.0,2026-09-18T12:00:00Z
51070,2026-09-05T06:22:00Z,R/N,Dahisar / Mandapeshwar,10000,+91-9740281115,0.42,19.2516,72.8662,fulfilled,true,42,2.0.0,2026-09-18T12:00:00Z
51071,2026-09-05T12:19:00Z,C,Marine Lines / Chandanwadi,5000,+91-9783502109,0.32,18.954,72.8229,fulfilled,true,42,2.0.0,2026-09-18T12:00:00Z
51072,2026-09-05T09:26:00Z,T,Mulund / Nahur,5000,+91-9785851485,0.48,19.1666,72.9575,fulfilled,true,42,2.0.0,2026-09-18T12:00:00Z
51073,2026-09-05T12:15:00Z,H/E,Bandra East / Santacruz East,10000,+91-9756125551,0.71,19.0542,72.8564,fulfilled,true,42,2.0.0,2026-09-18T12:00:00Z
51074,2026-09-06T17:45:00Z,T,Mulund / Nahur,5000,+91-9761972018,0.48,19.1664,72.9581,fulfilled,true,42,2.0.0,2026-09-18T12:00:00Z
51075,2026-09-06T21:26:00Z,H/E,Bandra East / Santacruz East,5000,+91-9787545827,0.71,19.0582,72.8532,fulfilled,true,42,2.0.0,2026-09-18T12:00:00Z
51076,2026-09-06T09:35:00Z,S,Bhandup / Kanjurmarg / Powai,5000,+91-9732797892,0.69,19.1393,72.9228,fulfilled,true,42,2.0.0,2026-09-18T12:00:00Z
51077,2026-09-06T10:36:00Z,G/N,Dharavi / Mahim / Dadar West,1000,+91-9738505524,0.93,19.0473,72.8398,fulfilled,true,42,2.0.0,2026-09-18T12:00:00Z
51078,2026-09-06T15:41:00Z,M/E,Govandi / Mankhurd / Shivaji Nagar,5000,+91-9746468564,0.96,19.0476,72.9149,fulfilled,true,42,2.0.0,2026-09-18T12:00:00Z
51079,2026-09-06T06:36:00Z,M/E,Govandi / Mankhurd / Shivaji Nagar,2000,+91-9796636698,0.96,19.0485,72.9213,fulfilled,true,42,2.0.0,2026-09-18T12:00:00Z
51080,2026-09-06T17:21:00Z,A,Colaba / Fort / Nariman Point,5000,+91-9781833426,0.22,18.9295,72.834,fulfilled,true,42,2.0.0,2026-09-18T12:00:00Z
51081,2026-09-06T13:50:00Z,T,Mulund / Nahur,10000,+91-9733626853,0.48,19.1769,72.9639,fulfilled,true,42,2.0.0,2026-09-18T12:00:00Z
51082,2026-09-06T21:40:00Z,M/E,Govandi / Mankhurd / Shivaji Nagar,2000,+91-9713130675,0.96,19.0485,72.9208,fulfilled,true,42,2.0.0,2026-09-18T12:00:00Z
51083,2026-09-06T07:20:00Z,H/W,Bandra West / Khar,5000,+91-9769280307,0.28,19.0566,72.8241,fulfilled,true,42,2.0.0,2026-09-18T12:00:00Z
51084,2026-09-06T09:55:00Z,D,Malabar Hill / Walkeshwar,1000,+91-9799082571,0.16,18.9664,72.8158,fulfilled,true,42,2.0.0,2026-09-18T12:00:00Z
51085,2026-09-06T11:47:00Z,M/W,Chembur West / Tilak Nagar,10000,+91-9782647967,0.55,19.059,72.8981,fulfilled,true,42,2.0.0,2026-09-18T12:00:00Z
51086,2026-09-06T14:52:00Z,P/N,Malad / Marve / Malvani,1000,+91-9791087844,0.79,19.1895,72.8498,fulfilled,true,42,2.0.0,2026-09-18T12:00:00Z
51087,2026-09-06T14:44:00Z,K/W,Andheri West / Versova,2000,+91-9744839940,0.44,19.1233,72.836,fulfilled,true,42,2.0.0,2026-09-18T12:00:00Z
51088,2026-09-06T10:14:00Z,G/S,Worli / Lower Parel,10000,+91-9754279314,0.36,19.0058,72.8173,fulfilled,true,42,2.0.0,2026-09-18T12:00:00Z
51089,2026-09-06T11:31:00Z,F/S,Parel / Sewri / Lalbaug,1000,+91-9711013409,0.42,19.0046,72.8411,fulfilled,true,42,2.0.0,2026-09-18T12:00:00Z
51090,2026-09-06T10:30:00Z,R/C,Borivali / Gorai,1000,+91-9787569254,0.46,19.2282,72.8623,fulfilled,true,42,2.0.0,2026-09-18T12:00:00Z
51091,2026-09-06T13:50:00Z,P/N,Malad / Marve / Malvani,2000,+91-9726609608,0.79,19.18,72.8498,fulfilled,true,42,2.0.0,2026-09-18T12:00:00Z
51092,2026-09-06T11:49:00Z,P/N,Malad / Marve / Malvani,5000,+91-9722186583,0.79,19.1926,72.8457,fulfilled,true,42,2.0.0,2026-09-18T12:00:00Z
51093,2026-09-06T12:27:00Z,P/S,Goregaon West & East,10000,+91-9768619650,0.58,19.1624,72.8404,fulfilled,true,42,2.0.0,2026-09-18T12:00:00Z
51094,2026-09-06T15:10:00Z,C,Marine Lines / Chandanwadi,10000,+91-9734442203,0.32,18.9525,72.8222,fulfilled,true,42,2.0.0,2026-09-18T12:00:00Z
51095,2026-09-06T17:50:00Z,F/N,Matunga / Sion / Wadala,1000,+91-9747441850,0.74,19.0246,72.8571,fulfilled,true,42,2.0.0,2026-09-18T12:00:00Z
51096,2026-09-06T05:34:00Z,R/S,Kandivali West & East,5000,+91-9799184145,0.52,19.2124,72.8541,fulfilled,true,42,2.0.0,2026-09-18T12:00:00Z
51097,2026-09-06T07:34:00Z,C,Marine Lines / Chandanwadi,10000,+91-9760040219,0.32,18.9542,72.8247,fulfilled,true,42,2.0.0,2026-09-18T12:00:00Z
51098,2026-09-06T08:10:00Z,C,Marine Lines / Chandanwadi,2000,+91-9777896288,0.32,18.9462,72.8225,fulfilled,true,42,2.0.0,2026-09-18T12:00:00Z
51099,2026-09-06T12:28:00Z,B,Sandhurst Road / Dongri,5000,+91-9768169044,0.4,18.9545,72.8404,fulfilled,true,42,2.0.0,2026-09-18T12:00:00Z
51100,2026-09-06T14:30:00Z,N,Ghatkopar / Pant Nagar,10000,+91-9714857590,0.61,19.09,72.9066,fulfilled,true,42,2.0.0,2026-09-18T12:00:00Z
51101,2026-09-06T13:59:00Z,T,Mulund / Nahur,2000,+91-9778389100,0.48,19.1748,72.9482,fulfilled,true,42,2.0.0,2026-09-18T12:00:00Z
51102,2026-09-06T08:52:00Z,N,Ghatkopar / Pant Nagar,2000,+91-9719219512,0.61,19.091,72.91,fulfilled,true,42,2.0.0,2026-09-18T12:00:00Z
51103,2026-09-06T06:17:00Z,G/S,Worli / Lower Parel,5000,+91-9759479359,0.36,19.0132,72.8251,fulfilled,true,42,2.0.0,2026-09-18T12:00:00Z
51104,2026-09-06T12:30:00Z,K/E,Andheri East / Marol,2000,+91-9748679965,0.65,19.1215,72.8724,fulfilled,true,42,2.0.0,2026-09-18T12:00:00Z
51105,2026-09-06T14:57:00Z,M/E,Govandi / Mankhurd / Shivaji Nagar,2000,+91-9759449891,0.96,19.0583,72.9194,fulfilled,true,42,2.0.0,2026-09-18T12:00:00Z
51106,2026-09-06T15:50:00Z,K/E,Andheri East / Marol,10000,+91-9759820464,0.65,19.1149,72.8693,fulfilled,true,42,2.0.0,2026-09-18T12:00:00Z
51107,2026-09-06T18:26:00Z,R/C,Borivali / Gorai,2000,+91-9753393658,0.46,19.2262,72.8601,fulfilled,true,42,2.0.0,2026-09-18T12:00:00Z
51108,2026-09-06T21:53:00Z,H/W,Bandra West / Khar,10000,+91-9779216646,0.28,19.0555,72.8353,fulfilled,true,42,2.0.0,2026-09-18T12:00:00Z
51109,2026-09-06T08:00:00Z,T,Mulund / Nahur,1000,+91-9748359916,0.48,19.1769,72.9484,fulfilled,true,42,2.0.0,2026-09-18T12:00:00Z
51110,2026-09-06T20:56:00Z,G/S,Worli / Lower Parel,10000,+91-9750130983,0.36,19.0125,72.8256,fulfilled,true,42,2.0.0,2026-09-18T12:00:00Z
51111,2026-09-06T21:31:00Z,D,Malabar Hill / Walkeshwar,10000,+91-9784775900,0.16,18.9631,72.8076,fulfilled,true,42,2.0.0,2026-09-18T12:00:00Z
51112,2026-09-06T09:23:00Z,D,Malabar Hill / Walkeshwar,2000,+91-9777669131,0.16,18.9555,72.8189,fulfilled,true,42,2.0.0,2026-09-18T12:00:00Z
51113,2026-09-06T08:36:00Z,K/W,Andheri West / Versova,10000,+91-9743645850,0.44,19.1334,72.8373,fulfilled,true,42,2.0.0,2026-09-18T12:00:00Z
51114,2026-09-06T18:25:00Z,R/S,Kandivali West & East,2000,+91-9772694407,0.52,19.2016,72.8558,fulfilled,true,42,2.0.0,2026-09-18T12:00:00Z
51115,2026-09-06T19:06:00Z,B,Sandhurst Road / Dongri,2000,+91-9738090577,0.4,18.9504,72.8327,fulfilled,true,42,2.0.0,2026-09-18T12:00:00Z
51116,2026-09-06T20:49:00Z,M/E,Govandi / Mankhurd / Shivaji Nagar,1000,+91-9733498754,0.96,19.0621,72.9255,fulfilled,true,42,2.0.0,2026-09-18T12:00:00Z
51117,2026-09-06T21:57:00Z,K/E,Andheri East / Marol,5000,+91-9723865997,0.65,19.1185,72.8729,fulfilled,true,42,2.0.0,2026-09-18T12:00:00Z
51118,2026-09-06T09:58:00Z,S,Bhandup / Kanjurmarg / Powai,10000,+91-9743952680,0.69,19.1339,72.936,fulfilled,true,42,2.0.0,2026-09-18T12:00:00Z
51119,2026-09-06T20:38:00Z,B,Sandhurst Road / Dongri,1000,+91-9719475844,0.4,18.9435,72.8389,fulfilled,true,42,2.0.0,2026-09-18T12:00:00Z
51120,2026-09-06T20:21:00Z,F/S,Parel / Sewri / Lalbaug,10000,+91-9744319973,0.42,18.9939,72.8404,fulfilled,true,42,2.0.0,2026-09-18T12:00:00Z
51121,2026-09-06T13:02:00Z,G/S,Worli / Lower Parel,1000,+91-9741699240,0.36,19.0072,72.8244,fulfilled,true,42,2.0.0,2026-09-18T12:00:00Z
51122,2026-09-06T10:40:00Z,R/S,Kandivali West & East,10000,+91-9731779034,0.52,19.1986,72.8563,fulfilled,true,42,2.0.0,2026-09-18T12:00:00Z
51123,2026-09-06T20:39:00Z,P/S,Goregaon West & East,10000,+91-9793039297,0.58,19.1641,72.8503,fulfilled,true,42,2.0.0,2026-09-18T12:00:00Z
51124,2026-09-07T13:35:00Z,K/E,Andheri East / Marol,10000,+91-9775855987,0.65,19.1183,72.8684,fulfilled,true,42,2.0.0,2026-09-18T12:00:00Z
51125,2026-09-07T21:22:00Z,A,Colaba / Fort / Nariman Point,5000,+91-9736238847,0.22,18.9199,72.8391,fulfilled,true,42,2.0.0,2026-09-18T12:00:00Z
51126,2026-09-07T17:04:00Z,G/S,Worli / Lower Parel,1000,+91-9729626023,0.36,19.0041,72.8219,fulfilled,true,42,2.0.0,2026-09-18T12:00:00Z
51127,2026-09-07T22:22:00Z,F/S,Parel / Sewri / Lalbaug,2000,+91-9756946641,0.42,19.0017,72.8477,fulfilled,true,42,2.0.0,2026-09-18T12:00:00Z
51128,2026-09-07T18:05:00Z,M/E,Govandi / Mankhurd / Shivaji Nagar,2000,+91-9741490142,0.96,19.0508,72.9176,fulfilled,true,42,2.0.0,2026-09-18T12:00:00Z
51129,2026-09-07T18:34:00Z,E,Byculla / Mazgaon / Nagpada,5000,+91-9771783396,0.48,18.9786,72.8289,fulfilled,true,42,2.0.0,2026-09-18T12:00:00Z
51130,2026-09-07T20:22:00Z,F/N,Matunga / Sion / Wadala,2000,+91-9719998063,0.74,19.0322,72.8606,fulfilled,true,42,2.0.0,2026-09-18T12:00:00Z
51131,2026-09-07T14:51:00Z,R/C,Borivali / Gorai,10000,+91-9783339306,0.46,19.2254,72.8649,fulfilled,true,42,2.0.0,2026-09-18T12:00:00Z
51132,2026-09-07T21:47:00Z,F/S,Parel / Sewri / Lalbaug,2000,+91-9723052756,0.42,18.9949,72.8494,fulfilled,true,42,2.0.0,2026-09-18T12:00:00Z
51133,2026-09-07T13:57:00Z,G/N,Dharavi / Mahim / Dadar West,5000,+91-9784850475,0.93,19.0413,72.8389,fulfilled,true,42,2.0.0,2026-09-18T12:00:00Z
51134,2026-09-07T14:21:00Z,D,Malabar Hill / Walkeshwar,2000,+91-9731683187,0.16,18.9547,72.8064,fulfilled,true,42,2.0.0,2026-09-18T12:00:00Z
51135,2026-09-07T21:12:00Z,L,Kurla / Asalpha / Sakinaka,2000,+91-9777840776,0.88,19.0701,72.881,fulfilled,true,42,2.0.0,2026-09-18T12:00:00Z
51136,2026-09-07T15:21:00Z,S,Bhandup / Kanjurmarg / Powai,10000,+91-9751686100,0.69,19.1433,72.9319,fulfilled,true,42,2.0.0,2026-09-18T12:00:00Z
51137,2026-09-07T13:43:00Z,G/S,Worli / Lower Parel,1000,+91-9772122432,0.36,19.0059,72.8221,fulfilled,true,42,2.0.0,2026-09-18T12:00:00Z
51138,2026-09-07T13:05:00Z,G/S,Worli / Lower Parel,2000,+91-9799467929,0.36,19.0037,72.8199,fulfilled,true,42,2.0.0,2026-09-18T12:00:00Z
51139,2026-09-07T11:34:00Z,S,Bhandup / Kanjurmarg / Powai,5000,+91-9754988758,0.69,19.1347,72.9254,fulfilled,true,42,2.0.0,2026-09-18T12:00:00Z
51140,2026-09-07T11:51:00Z,K/W,Andheri West / Versova,5000,+91-9746355519,0.44,19.1201,72.8233,fulfilled,true,42,2.0.0,2026-09-18T12:00:00Z
51141,2026-09-07T11:29:00Z,K/E,Andheri East / Marol,2000,+91-9726964595,0.65,19.1135,72.8709,fulfilled,true,42,2.0.0,2026-09-18T12:00:00Z
51142,2026-09-07T21:59:00Z,P/S,Goregaon West & East,5000,+91-9759932046,0.58,19.1601,72.8487,fulfilled,true,42,2.0.0,2026-09-18T12:00:00Z
51143,2026-09-07T05:15:00Z,M/E,Govandi / Mankhurd / Shivaji Nagar,10000,+91-9793247575,0.96,19.0555,72.9115,fulfilled,true,42,2.0.0,2026-09-18T12:00:00Z
51144,2026-09-07T09:28:00Z,R/S,Kandivali West & East,10000,+91-9763649522,0.52,19.2118,72.8481,fulfilled,true,42,2.0.0,2026-09-18T12:00:00Z
51145,2026-09-07T09:46:00Z,D,Malabar Hill / Walkeshwar,5000,+91-9730000487,0.16,18.9592,72.8152,fulfilled,true,42,2.0.0,2026-09-18T12:00:00Z
51146,2026-09-07T22:14:00Z,H/W,Bandra West / Khar,2000,+91-9755348069,0.28,19.0535,72.8305,fulfilled,true,42,2.0.0,2026-09-18T12:00:00Z
51147,2026-09-07T06:03:00Z,R/S,Kandivali West & East,5000,+91-9787272729,0.52,19.1984,72.8539,fulfilled,true,42,2.0.0,2026-09-18T12:00:00Z
51148,2026-09-07T09:53:00Z,K/E,Andheri East / Marol,2000,+91-9722711016,0.65,19.112,72.8704,fulfilled,true,42,2.0.0,2026-09-18T12:00:00Z
51149,2026-09-07T10:38:00Z,S,Bhandup / Kanjurmarg / Powai,2000,+91-9794625751,0.69,19.1383,72.9294,fulfilled,true,42,2.0.0,2026-09-18T12:00:00Z
51150,2026-09-07T21:24:00Z,N,Ghatkopar / Pant Nagar,2000,+91-9740542217,0.61,19.0903,72.9136,fulfilled,true,42,2.0.0,2026-09-18T12:00:00Z
51151,2026-09-07T14:34:00Z,H/W,Bandra West / Khar,1000,+91-9774990397,0.28,19.0577,72.8336,fulfilled,true,42,2.0.0,2026-09-18T12:00:00Z
51152,2026-09-07T22:02:00Z,R/S,Kandivali West & East,2000,+91-9786587368,0.52,19.2061,72.8458,fulfilled,true,42,2.0.0,2026-09-18T12:00:00Z
51153,2026-09-07T22:38:00Z,B,Sandhurst Road / Dongri,1000,+91-9781318420,0.4,18.9526,72.8434,fulfilled,true,42,2.0.0,2026-09-18T12:00:00Z
51154,2026-09-07T11:16:00Z,P/N,Malad / Marve / Malvani,10000,+91-9780265300,0.79,19.1909,72.8444,fulfilled,true,42,2.0.0,2026-09-18T12:00:00Z
51155,2026-09-07T12:26:00Z,R/N,Dahisar / Mandapeshwar,2000,+91-9791865566,0.42,19.2468,72.8575,fulfilled,true,42,2.0.0,2026-09-18T12:00:00Z
51156,2026-09-07T19:35:00Z,B,Sandhurst Road / Dongri,5000,+91-9771323389,0.4,18.9553,72.8452,fulfilled,true,42,2.0.0,2026-09-18T12:00:00Z
51157,2026-09-07T07:29:00Z,H/W,Bandra West / Khar,5000,+91-9766186084,0.28,19.0636,72.8352,fulfilled,true,42,2.0.0,2026-09-18T12:00:00Z
51158,2026-09-07T06:38:00Z,C,Marine Lines / Chandanwadi,2000,+91-9791532983,0.32,18.9521,72.8257,fulfilled,true,42,2.0.0,2026-09-18T12:00:00Z
51159,2026-09-07T18:46:00Z,R/C,Borivali / Gorai,1000,+91-9785384852,0.46,19.2252,72.8589,fulfilled,true,42,2.0.0,2026-09-18T12:00:00Z
51160,2026-09-07T15:58:00Z,R/C,Borivali / Gorai,1000,+91-9736924451,0.46,19.2298,72.8621,fulfilled,true,42,2.0.0,2026-09-18T12:00:00Z
51161,2026-09-07T21:27:00Z,R/S,Kandivali West & East,2000,+91-9717282438,0.52,19.2058,72.8564,fulfilled,true,42,2.0.0,2026-09-18T12:00:00Z
51162,2026-09-07T15:48:00Z,P/S,Goregaon West & East,2000,+91-9724265633,0.58,19.1565,72.8412,fulfilled,true,42,2.0.0,2026-09-18T12:00:00Z
51163,2026-09-07T08:26:00Z,A,Colaba / Fort / Nariman Point,10000,+91-9776418009,0.22,18.9274,72.8269,fulfilled,true,42,2.0.0,2026-09-18T12:00:00Z
51164,2026-09-07T19:20:00Z,P/N,Malad / Marve / Malvani,5000,+91-9751199757,0.79,19.1924,72.8524,fulfilled,true,42,2.0.0,2026-09-18T12:00:00Z
51165,2026-09-07T14:11:00Z,C,Marine Lines / Chandanwadi,1000,+91-9738248435,0.32,18.955,72.8266,fulfilled,true,42,2.0.0,2026-09-18T12:00:00Z
51166,2026-09-07T14:37:00Z,R/C,Borivali / Gorai,10000,+91-9797110294,0.46,19.2326,72.8631,fulfilled,true,42,2.0.0,2026-09-18T12:00:00Z
51167,2026-09-07T08:06:00Z,H/W,Bandra West / Khar,10000,+91-9778178956,0.28,19.0655,72.8248,fulfilled,true,42,2.0.0,2026-09-18T12:00:00Z
51168,2026-09-07T09:14:00Z,A,Colaba / Fort / Nariman Point,10000,+91-9764646788,0.22,18.9154,72.8303,fulfilled,true,42,2.0.0,2026-09-18T12:00:00Z
51169,2026-09-07T16:19:00Z,T,Mulund / Nahur,2000,+91-9738895644,0.48,19.178,72.9586,fulfilled,true,42,2.0.0,2026-09-18T12:00:00Z
51170,2026-09-07T18:58:00Z,H/W,Bandra West / Khar,1000,+91-9742625888,0.28,19.0551,72.8376,fulfilled,true,42,2.0.0,2026-09-18T12:00:00Z
51171,2026-09-07T09:57:00Z,M/W,Chembur West / Tilak Nagar,1000,+91-9748100676,0.55,19.0686,72.8902,fulfilled,true,42,2.0.0,2026-09-18T12:00:00Z
51172,2026-09-07T10:51:00Z,F/S,Parel / Sewri / Lalbaug,10000,+91-9727275684,0.42,19.0047,72.8395,fulfilled,true,42,2.0.0,2026-09-18T12:00:00Z
51173,2026-09-07T12:47:00Z,N,Ghatkopar / Pant Nagar,5000,+91-9728153202,0.61,19.0782,72.9071,fulfilled,true,42,2.0.0,2026-09-18T12:00:00Z
51174,2026-09-07T22:39:00Z,R/C,Borivali / Gorai,5000,+91-9742960963,0.46,19.2212,72.8499,fulfilled,true,42,2.0.0,2026-09-18T12:00:00Z
51175,2026-09-07T08:04:00Z,R/N,Dahisar / Mandapeshwar,5000,+91-9783767794,0.42,19.2498,72.8563,fulfilled,true,42,2.0.0,2026-09-18T12:00:00Z
51176,2026-09-07T15:40:00Z,K/E,Andheri East / Marol,5000,+91-9718978662,0.65,19.1057,72.8689,fulfilled,true,42,2.0.0,2026-09-18T12:00:00Z
51177,2026-09-08T18:03:00Z,L,Kurla / Asalpha / Sakinaka,1000,+91-9798711288,0.88,19.0642,72.8885,fulfilled,true,42,2.0.0,2026-09-18T12:00:00Z
51178,2026-09-08T19:57:00Z,F/S,Parel / Sewri / Lalbaug,10000,+91-9710221533,0.42,18.9973,72.8426,fulfilled,true,42,2.0.0,2026-09-18T12:00:00Z
51179,2026-09-08T20:58:00Z,F/S,Parel / Sewri / Lalbaug,5000,+91-9735110897,0.42,18.9932,72.8372,fulfilled,true,42,2.0.0,2026-09-18T12:00:00Z
51180,2026-09-08T12:41:00Z,K/W,Andheri West / Versova,10000,+91-9765860838,0.44,19.1333,72.8355,fulfilled,true,42,2.0.0,2026-09-18T12:00:00Z
51181,2026-09-08T16:12:00Z,N,Ghatkopar / Pant Nagar,5000,+91-9771152348,0.61,19.0878,72.9141,fulfilled,true,42,2.0.0,2026-09-18T12:00:00Z
51182,2026-09-08T06:59:00Z,C,Marine Lines / Chandanwadi,1000,+91-9746315520,0.32,18.9515,72.828,fulfilled,true,42,2.0.0,2026-09-18T12:00:00Z
51183,2026-09-08T08:59:00Z,K/W,Andheri West / Versova,5000,+91-9770139239,0.44,19.1272,72.8249,fulfilled,true,42,2.0.0,2026-09-18T12:00:00Z
51184,2026-09-08T17:44:00Z,M/W,Chembur West / Tilak Nagar,1000,+91-9772814688,0.55,19.0615,72.8925,fulfilled,true,42,2.0.0,2026-09-18T12:00:00Z
51185,2026-09-08T15:21:00Z,P/S,Goregaon West & East,1000,+91-9751242415,0.58,19.16,72.8501,fulfilled,true,42,2.0.0,2026-09-18T12:00:00Z
51186,2026-09-08T13:24:00Z,N,Ghatkopar / Pant Nagar,2000,+91-9763862287,0.61,19.089,72.9068,fulfilled,true,42,2.0.0,2026-09-18T12:00:00Z
51187,2026-09-08T20:28:00Z,G/N,Dharavi / Mahim / Dadar West,1000,+91-9725427456,0.93,19.0365,72.847,fulfilled,true,42,2.0.0,2026-09-18T12:00:00Z
51188,2026-09-08T13:57:00Z,N,Ghatkopar / Pant Nagar,10000,+91-9769125664,0.61,19.085,72.9045,fulfilled,true,42,2.0.0,2026-09-18T12:00:00Z
51189,2026-09-08T21:32:00Z,N,Ghatkopar / Pant Nagar,2000,+91-9781698543,0.61,19.0908,72.9068,fulfilled,true,42,2.0.0,2026-09-18T12:00:00Z
51190,2026-09-08T22:22:00Z,S,Bhandup / Kanjurmarg / Powai,5000,+91-9772784912,0.69,19.1459,72.9277,fulfilled,true,42,2.0.0,2026-09-18T12:00:00Z
51191,2026-09-08T21:57:00Z,F/N,Matunga / Sion / Wadala,2000,+91-9717549722,0.74,19.0289,72.8605,fulfilled,true,42,2.0.0,2026-09-18T12:00:00Z
51192,2026-09-08T16:37:00Z,D,Malabar Hill / Walkeshwar,5000,+91-9726784561,0.16,18.964,72.8178,fulfilled,true,42,2.0.0,2026-09-18T12:00:00Z
51193,2026-09-08T11:20:00Z,R/C,Borivali / Gorai,10000,+91-9751368866,0.46,19.2312,72.854,fulfilled,true,42,2.0.0,2026-09-18T12:00:00Z
51194,2026-09-08T08:46:00Z,K/E,Andheri East / Marol,10000,+91-9796963416,0.65,19.1093,72.8716,fulfilled,true,42,2.0.0,2026-09-18T12:00:00Z
51195,2026-09-08T20:04:00Z,F/N,Matunga / Sion / Wadala,5000,+91-9713064288,0.74,19.02,72.851,fulfilled,true,42,2.0.0,2026-09-18T12:00:00Z
51196,2026-09-08T12:32:00Z,P/S,Goregaon West & East,10000,+91-9799684832,0.58,19.1608,72.8456,fulfilled,true,42,2.0.0,2026-09-18T12:00:00Z
51197,2026-09-08T18:18:00Z,N,Ghatkopar / Pant Nagar,5000,+91-9748928408,0.61,19.0812,72.9055,fulfilled,true,42,2.0.0,2026-09-18T12:00:00Z
51198,2026-09-08T11:37:00Z,C,Marine Lines / Chandanwadi,1000,+91-9738198469,0.32,18.9556,72.8308,fulfilled,true,42,2.0.0,2026-09-18T12:00:00Z
51199,2026-09-08T09:00:00Z,C,Marine Lines / Chandanwadi,1000,+91-9777579698,0.32,18.9492,72.8185,fulfilled,true,42,2.0.0,2026-09-18T12:00:00Z
51200,2026-09-08T21:36:00Z,G/N,Dharavi / Mahim / Dadar West,10000,+91-9757232959,0.93,19.0504,72.84,fulfilled,true,42,2.0.0,2026-09-18T12:00:00Z
51201,2026-09-08T11:27:00Z,P/N,Malad / Marve / Malvani,5000,+91-9724307815,0.79,19.1804,72.8555,fulfilled,true,42,2.0.0,2026-09-18T12:00:00Z
51202,2026-09-08T15:26:00Z,P/S,Goregaon West & East,2000,+91-9755606295,0.58,19.168,72.8507,fulfilled,true,42,2.0.0,2026-09-18T12:00:00Z
51203,2026-09-08T22:55:00Z,G/S,Worli / Lower Parel,5000,+91-9791502363,0.36,19.0082,72.8185,fulfilled,true,42,2.0.0,2026-09-18T12:00:00Z
51204,2026-09-08T21:38:00Z,H/W,Bandra West / Khar,1000,+91-9729269927,0.28,19.0569,72.8285,fulfilled,true,42,2.0.0,2026-09-18T12:00:00Z
51205,2026-09-08T07:36:00Z,F/N,Matunga / Sion / Wadala,1000,+91-9791477172,0.74,19.0269,72.8579,fulfilled,true,42,2.0.0,2026-09-18T12:00:00Z
51206,2026-09-08T12:45:00Z,B,Sandhurst Road / Dongri,5000,+91-9756226947,0.4,18.9443,72.8403,fulfilled,true,42,2.0.0,2026-09-18T12:00:00Z
51207,2026-09-08T18:32:00Z,L,Kurla / Asalpha / Sakinaka,2000,+91-9746662222,0.88,19.0693,72.8748,fulfilled,true,42,2.0.0,2026-09-18T12:00:00Z
51208,2026-09-08T17:40:00Z,R/N,Dahisar / Mandapeshwar,2000,+91-9772171040,0.42,19.2603,72.8628,fulfilled,true,42,2.0.0,2026-09-18T12:00:00Z
51209,2026-09-08T22:13:00Z,M/W,Chembur West / Tilak Nagar,5000,+91-9769144984,0.55,19.0551,72.8931,fulfilled,true,42,2.0.0,2026-09-18T12:00:00Z
51210,2026-09-08T17:15:00Z,P/S,Goregaon West & East,1000,+91-9770782829,0.58,19.1684,72.8478,fulfilled,true,42,2.0.0,2026-09-18T12:00:00Z
51211,2026-09-08T09:55:00Z,S,Bhandup / Kanjurmarg / Powai,1000,+91-9789364999,0.69,19.138,72.9301,fulfilled,true,42,2.0.0,2026-09-18T12:00:00Z
51212,2026-09-08T11:14:00Z,E,Byculla / Mazgaon / Nagpada,5000,+91-9714701178,0.48,18.964,72.8255,fulfilled,true,42,2.0.0,2026-09-18T12:00:00Z
51213,2026-09-08T21:46:00Z,N,Ghatkopar / Pant Nagar,10000,+91-9717560471,0.61,19.0846,72.9137,fulfilled,true,42,2.0.0,2026-09-18T12:00:00Z
51214,2026-09-08T18:38:00Z,S,Bhandup / Kanjurmarg / Powai,2000,+91-9754265187,0.69,19.1478,72.9291,fulfilled,true,42,2.0.0,2026-09-18T12:00:00Z
51215,2026-09-08T17:24:00Z,H/E,Bandra East / Santacruz East,1000,+91-9794785191,0.71,19.0574,72.8501,fulfilled,true,42,2.0.0,2026-09-18T12:00:00Z
51216,2026-09-08T06:28:00Z,E,Byculla / Mazgaon / Nagpada,1000,+91-9783300605,0.48,18.9752,72.8294,fulfilled,true,42,2.0.0,2026-09-18T12:00:00Z
51217,2026-09-08T17:41:00Z,P/S,Goregaon West & East,2000,+91-9782467141,0.58,19.168,72.8367,fulfilled,true,42,2.0.0,2026-09-18T12:00:00Z
51218,2026-09-08T18:48:00Z,D,Malabar Hill / Walkeshwar,1000,+91-9777554033,0.16,18.9589,72.8153,fulfilled,true,42,2.0.0,2026-09-18T12:00:00Z
51219,2026-09-08T09:12:00Z,E,Byculla / Mazgaon / Nagpada,10000,+91-9768049164,0.48,18.966,72.8267,fulfilled,true,42,2.0.0,2026-09-18T12:00:00Z
51220,2026-09-08T16:51:00Z,H/E,Bandra East / Santacruz East,2000,+91-9769913385,0.71,19.065,72.8529,fulfilled,true,42,2.0.0,2026-09-18T12:00:00Z
51221,2026-09-08T05:43:00Z,E,Byculla / Mazgaon / Nagpada,10000,+91-9781454170,0.48,18.9786,72.8253,fulfilled,true,42,2.0.0,2026-09-18T12:00:00Z
51222,2026-09-08T15:24:00Z,T,Mulund / Nahur,5000,+91-9758935200,0.48,19.1682,72.9523,fulfilled,true,42,2.0.0,2026-09-18T12:00:00Z
51223,2026-09-09T15:19:00Z,C,Marine Lines / Chandanwadi,2000,+91-9787389875,0.32,18.9498,72.8275,fulfilled,true,42,2.0.0,2026-09-18T12:00:00Z
51224,2026-09-09T12:15:00Z,R/N,Dahisar / Mandapeshwar,1000,+91-9779063423,0.42,19.2566,72.8531,fulfilled,true,42,2.0.0,2026-09-18T12:00:00Z
51225,2026-09-09T08:37:00Z,R/N,Dahisar / Mandapeshwar,2000,+91-9787929060,0.42,19.2512,72.8513,fulfilled,true,42,2.0.0,2026-09-18T12:00:00Z
51226,2026-09-09T14:08:00Z,A,Colaba / Fort / Nariman Point,2000,+91-9712895464,0.22,18.9204,72.8388,fulfilled,true,42,2.0.0,2026-09-18T12:00:00Z
51227,2026-09-09T13:28:00Z,R/C,Borivali / Gorai,10000,+91-9786089738,0.46,19.2285,72.8616,fulfilled,true,42,2.0.0,2026-09-18T12:00:00Z
51228,2026-09-09T17:40:00Z,G/N,Dharavi / Mahim / Dadar West,1000,+91-9786754297,0.93,19.0394,72.846,fulfilled,true,42,2.0.0,2026-09-18T12:00:00Z
51229,2026-09-09T17:24:00Z,N,Ghatkopar / Pant Nagar,1000,+91-9745556989,0.61,19.08,72.9015,fulfilled,true,42,2.0.0,2026-09-18T12:00:00Z
51230,2026-09-09T22:45:00Z,B,Sandhurst Road / Dongri,1000,+91-9773451617,0.4,18.9576,72.8443,fulfilled,true,42,2.0.0,2026-09-18T12:00:00Z
51231,2026-09-09T10:25:00Z,H/W,Bandra West / Khar,5000,+91-9731621520,0.28,19.0539,72.8316,fulfilled,true,42,2.0.0,2026-09-18T12:00:00Z
51232,2026-09-09T05:54:00Z,D,Malabar Hill / Walkeshwar,1000,+91-9719277167,0.16,18.9679,72.8118,fulfilled,true,42,2.0.0,2026-09-18T12:00:00Z
51233,2026-09-09T21:10:00Z,C,Marine Lines / Chandanwadi,5000,+91-9785239229,0.32,18.9524,72.8181,fulfilled,true,42,2.0.0,2026-09-18T12:00:00Z
51234,2026-09-09T16:37:00Z,E,Byculla / Mazgaon / Nagpada,10000,+91-9793154351,0.48,18.9793,72.8395,fulfilled,true,42,2.0.0,2026-09-18T12:00:00Z
51235,2026-09-09T16:40:00Z,P/N,Malad / Marve / Malvani,5000,+91-9799183959,0.79,19.1877,72.8498,fulfilled,true,42,2.0.0,2026-09-18T12:00:00Z
51236,2026-09-09T11:02:00Z,R/C,Borivali / Gorai,5000,+91-9717998415,0.46,19.2309,72.854,fulfilled,true,42,2.0.0,2026-09-18T12:00:00Z
51237,2026-09-09T10:34:00Z,K/E,Andheri East / Marol,1000,+91-9757441755,0.65,19.121,72.8717,fulfilled,true,42,2.0.0,2026-09-18T12:00:00Z
51238,2026-09-09T16:56:00Z,B,Sandhurst Road / Dongri,5000,+91-9789549573,0.4,18.947,72.8325,fulfilled,true,42,2.0.0,2026-09-18T12:00:00Z
51239,2026-09-09T08:16:00Z,L,Kurla / Asalpha / Sakinaka,1000,+91-9775583915,0.88,19.0685,72.8886,fulfilled,true,42,2.0.0,2026-09-18T12:00:00Z
51240,2026-09-09T07:36:00Z,R/C,Borivali / Gorai,2000,+91-9742364949,0.46,19.2368,72.8643,fulfilled,true,42,2.0.0,2026-09-18T12:00:00Z
51241,2026-09-09T19:47:00Z,B,Sandhurst Road / Dongri,10000,+91-9732977242,0.4,18.9531,72.8441,fulfilled,true,42,2.0.0,2026-09-18T12:00:00Z
51242,2026-09-09T07:03:00Z,D,Malabar Hill / Walkeshwar,10000,+91-9759865626,0.16,18.961,72.8046,fulfilled,true,42,2.0.0,2026-09-18T12:00:00Z
51243,2026-09-09T06:25:00Z,S,Bhandup / Kanjurmarg / Powai,1000,+91-9782232251,0.69,19.1339,72.9268,fulfilled,true,42,2.0.0,2026-09-18T12:00:00Z
51244,2026-09-09T19:48:00Z,K/E,Andheri East / Marol,5000,+91-9765244682,0.65,19.1164,72.8622,fulfilled,true,42,2.0.0,2026-09-18T12:00:00Z
51245,2026-09-09T20:26:00Z,M/W,Chembur West / Tilak Nagar,1000,+91-9769875385,0.55,19.0613,72.9049,fulfilled,true,42,2.0.0,2026-09-18T12:00:00Z
51246,2026-09-09T17:59:00Z,K/E,Andheri East / Marol,1000,+91-9780439460,0.65,19.1173,72.8701,fulfilled,true,42,2.0.0,2026-09-18T12:00:00Z
51247,2026-09-09T16:12:00Z,M/E,Govandi / Mankhurd / Shivaji Nagar,1000,+91-9717114583,0.96,19.0628,72.9257,fulfilled,true,42,2.0.0,2026-09-18T12:00:00Z
51248,2026-09-09T15:19:00Z,S,Bhandup / Kanjurmarg / Powai,10000,+91-9731694371,0.69,19.1367,72.9278,fulfilled,true,42,2.0.0,2026-09-18T12:00:00Z
51249,2026-09-09T09:22:00Z,P/N,Malad / Marve / Malvani,5000,+91-9787223719,0.79,19.1797,72.8444,fulfilled,true,42,2.0.0,2026-09-18T12:00:00Z
51250,2026-09-09T20:46:00Z,G/N,Dharavi / Mahim / Dadar West,2000,+91-9739096058,0.93,19.0425,72.8485,fulfilled,true,42,2.0.0,2026-09-18T12:00:00Z
51251,2026-09-09T19:27:00Z,R/S,Kandivali West & East,2000,+91-9739404044,0.52,19.2026,72.8533,fulfilled,true,42,2.0.0,2026-09-18T12:00:00Z
51252,2026-09-09T07:27:00Z,F/S,Parel / Sewri / Lalbaug,5000,+91-9793396502,0.42,19.0057,72.8484,fulfilled,true,42,2.0.0,2026-09-18T12:00:00Z
51253,2026-09-09T21:15:00Z,H/E,Bandra East / Santacruz East,1000,+91-9717112288,0.71,19.0572,72.8474,fulfilled,true,42,2.0.0,2026-09-18T12:00:00Z
51254,2026-09-09T15:31:00Z,R/N,Dahisar / Mandapeshwar,5000,+91-9776778853,0.42,19.2575,72.8649,fulfilled,true,42,2.0.0,2026-09-18T12:00:00Z
51255,2026-09-09T15:11:00Z,N,Ghatkopar / Pant Nagar,10000,+91-9797030218,0.61,19.0886,72.9037,fulfilled,true,42,2.0.0,2026-09-18T12:00:00Z
51256,2026-09-09T09:31:00Z,C,Marine Lines / Chandanwadi,2000,+91-9776261292,0.32,18.9556,72.8172,fulfilled,true,42,2.0.0,2026-09-18T12:00:00Z
51257,2026-09-09T10:38:00Z,N,Ghatkopar / Pant Nagar,2000,+91-9798065440,0.61,19.0881,72.9007,fulfilled,true,42,2.0.0,2026-09-18T12:00:00Z
51258,2026-09-09T10:21:00Z,S,Bhandup / Kanjurmarg / Powai,5000,+91-9774051614,0.69,19.1395,72.9223,fulfilled,true,42,2.0.0,2026-09-18T12:00:00Z
51259,2026-09-09T15:51:00Z,F/N,Matunga / Sion / Wadala,5000,+91-9715432436,0.74,19.031,72.8648,fulfilled,true,42,2.0.0,2026-09-18T12:00:00Z
51260,2026-09-09T07:11:00Z,D,Malabar Hill / Walkeshwar,5000,+91-9778543550,0.16,18.9618,72.8154,fulfilled,true,42,2.0.0,2026-09-18T12:00:00Z
51261,2026-09-09T13:38:00Z,E,Byculla / Mazgaon / Nagpada,1000,+91-9782978103,0.48,18.9774,72.837,fulfilled,true,42,2.0.0,2026-09-18T12:00:00Z
51262,2026-09-09T21:09:00Z,G/N,Dharavi / Mahim / Dadar West,5000,+91-9768066280,0.93,19.0468,72.8469,fulfilled,true,42,2.0.0,2026-09-18T12:00:00Z
51263,2026-09-09T10:25:00Z,P/N,Malad / Marve / Malvani,10000,+91-9787565131,0.79,19.1895,72.8504,fulfilled,true,42,2.0.0,2026-09-18T12:00:00Z
51264,2026-09-09T12:43:00Z,R/N,Dahisar / Mandapeshwar,1000,+91-9723056042,0.42,19.2608,72.8556,fulfilled,true,42,2.0.0,2026-09-18T12:00:00Z
51265,2026-09-09T20:21:00Z,N,Ghatkopar / Pant Nagar,10000,+91-9798924049,0.61,19.0846,72.9017,fulfilled,true,42,2.0.0,2026-09-18T12:00:00Z
51266,2026-09-09T19:26:00Z,R/N,Dahisar / Mandapeshwar,10000,+91-9765047993,0.42,19.2473,72.8528,fulfilled,true,42,2.0.0,2026-09-18T12:00:00Z
51267,2026-09-10T22:19:00Z,D,Malabar Hill / Walkeshwar,2000,+91-9741475923,0.16,18.957,72.8143,fulfilled,true,42,2.0.0,2026-09-18T12:00:00Z
51268,2026-09-10T13:39:00Z,N,Ghatkopar / Pant Nagar,10000,+91-9727066121,0.61,19.0752,72.9077,fulfilled,true,42,2.0.0,2026-09-18T12:00:00Z
51269,2026-09-10T09:03:00Z,T,Mulund / Nahur,10000,+91-9784410773,0.48,19.1658,72.9515,fulfilled,true,42,2.0.0,2026-09-18T12:00:00Z
51270,2026-09-10T13:38:00Z,L,Kurla / Asalpha / Sakinaka,1000,+91-9745700517,0.88,19.0714,72.8892,fulfilled,true,42,2.0.0,2026-09-18T12:00:00Z
51271,2026-09-10T10:05:00Z,T,Mulund / Nahur,10000,+91-9761905883,0.48,19.1755,72.95,fulfilled,true,42,2.0.0,2026-09-18T12:00:00Z
51272,2026-09-10T16:35:00Z,H/W,Bandra West / Khar,10000,+91-9737375128,0.28,19.065,72.8355,fulfilled,true,42,2.0.0,2026-09-18T12:00:00Z
51273,2026-09-10T13:23:00Z,G/S,Worli / Lower Parel,2000,+91-9792840623,0.36,19.0016,72.8223,fulfilled,true,42,2.0.0,2026-09-18T12:00:00Z
51274,2026-09-10T18:09:00Z,L,Kurla / Asalpha / Sakinaka,10000,+91-9750904009,0.88,19.0654,72.8856,fulfilled,true,42,2.0.0,2026-09-18T12:00:00Z
51275,2026-09-10T10:12:00Z,C,Marine Lines / Chandanwadi,10000,+91-9780120748,0.32,18.9512,72.8199,fulfilled,true,42,2.0.0,2026-09-18T12:00:00Z
51276,2026-09-10T19:55:00Z,R/N,Dahisar / Mandapeshwar,2000,+91-9722905181,0.42,19.2615,72.8615,fulfilled,true,42,2.0.0,2026-09-18T12:00:00Z
51277,2026-09-10T14:35:00Z,R/C,Borivali / Gorai,1000,+91-9711508649,0.46,19.2242,72.8494,fulfilled,true,42,2.0.0,2026-09-18T12:00:00Z
51278,2026-09-10T10:27:00Z,B,Sandhurst Road / Dongri,2000,+91-9747651339,0.4,18.9545,72.8329,fulfilled,true,42,2.0.0,2026-09-18T12:00:00Z
51279,2026-09-10T20:36:00Z,T,Mulund / Nahur,2000,+91-9792527863,0.48,19.167,72.9585,fulfilled,true,42,2.0.0,2026-09-18T12:00:00Z
51280,2026-09-10T05:37:00Z,F/S,Parel / Sewri / Lalbaug,5000,+91-9797251332,0.42,18.9905,72.8413,fulfilled,true,42,2.0.0,2026-09-18T12:00:00Z
51281,2026-09-10T14:52:00Z,F/S,Parel / Sewri / Lalbaug,10000,+91-9730293181,0.42,19.0016,72.8458,fulfilled,true,42,2.0.0,2026-09-18T12:00:00Z
51282,2026-09-10T07:44:00Z,G/N,Dharavi / Mahim / Dadar West,5000,+91-9790684400,0.93,19.0368,72.8532,fulfilled,true,42,2.0.0,2026-09-18T12:00:00Z
51283,2026-09-10T05:29:00Z,T,Mulund / Nahur,2000,+91-9777057274,0.48,19.1675,72.9502,fulfilled,true,42,2.0.0,2026-09-18T12:00:00Z
51284,2026-09-10T18:09:00Z,G/S,Worli / Lower Parel,5000,+91-9734335974,0.36,19.0099,72.8211,fulfilled,true,42,2.0.0,2026-09-18T12:00:00Z
51285,2026-09-10T18:20:00Z,S,Bhandup / Kanjurmarg / Powai,5000,+91-9780820262,0.69,19.1429,72.9281,fulfilled,true,42,2.0.0,2026-09-18T12:00:00Z
51286,2026-09-10T18:18:00Z,H/W,Bandra West / Khar,5000,+91-9765770205,0.28,19.0631,72.8297,fulfilled,true,42,2.0.0,2026-09-18T12:00:00Z
51287,2026-09-10T11:27:00Z,A,Colaba / Fort / Nariman Point,2000,+91-9796159975,0.22,18.9283,72.8291,fulfilled,true,42,2.0.0,2026-09-18T12:00:00Z
51288,2026-09-10T09:39:00Z,P/N,Malad / Marve / Malvani,2000,+91-9768967052,0.79,19.1928,72.8528,fulfilled,true,42,2.0.0,2026-09-18T12:00:00Z
51289,2026-09-10T06:16:00Z,C,Marine Lines / Chandanwadi,10000,+91-9789835831,0.32,18.9405,72.8238,fulfilled,true,42,2.0.0,2026-09-18T12:00:00Z
51290,2026-09-10T11:53:00Z,C,Marine Lines / Chandanwadi,5000,+91-9722132565,0.32,18.9436,72.8203,fulfilled,true,42,2.0.0,2026-09-18T12:00:00Z
51291,2026-09-10T21:48:00Z,R/C,Borivali / Gorai,10000,+91-9716857711,0.46,19.2289,72.8521,fulfilled,true,42,2.0.0,2026-09-18T12:00:00Z
51292,2026-09-10T10:42:00Z,G/S,Worli / Lower Parel,2000,+91-9793912721,0.36,19.0053,72.8178,fulfilled,true,42,2.0.0,2026-09-18T12:00:00Z
51293,2026-09-10T19:49:00Z,F/S,Parel / Sewri / Lalbaug,10000,+91-9717721562,0.42,19.0023,72.84,fulfilled,true,42,2.0.0,2026-09-18T12:00:00Z
51294,2026-09-10T21:51:00Z,S,Bhandup / Kanjurmarg / Powai,1000,+91-9785651991,0.69,19.143,72.9292,fulfilled,true,42,2.0.0,2026-09-18T12:00:00Z
51295,2026-09-10T18:48:00Z,R/C,Borivali / Gorai,5000,+91-9720094760,0.46,19.2276,72.8628,fulfilled,true,42,2.0.0,2026-09-18T12:00:00Z
51296,2026-09-10T20:03:00Z,M/E,Govandi / Mankhurd / Shivaji Nagar,2000,+91-9748042615,0.96,19.0592,72.9225,fulfilled,true,42,2.0.0,2026-09-18T12:00:00Z
51297,2026-09-10T15:53:00Z,R/C,Borivali / Gorai,10000,+91-9785947165,0.46,19.2276,72.8594,fulfilled,true,42,2.0.0,2026-09-18T12:00:00Z
51298,2026-09-10T13:27:00Z,G/S,Worli / Lower Parel,1000,+91-9725204298,0.36,19.0076,72.8139,fulfilled,true,42,2.0.0,2026-09-18T12:00:00Z
51299,2026-09-10T05:40:00Z,B,Sandhurst Road / Dongri,5000,+91-9735479092,0.4,18.9446,72.8397,fulfilled,true,42,2.0.0,2026-09-18T12:00:00Z
51300,2026-09-10T18:50:00Z,K/E,Andheri East / Marol,5000,+91-9733616758,0.65,19.1148,72.8618,fulfilled,true,42,2.0.0,2026-09-18T12:00:00Z
51301,2026-09-10T19:55:00Z,M/E,Govandi / Mankhurd / Shivaji Nagar,2000,+91-9734057463,0.96,19.0609,72.9102,fulfilled,true,42,2.0.0,2026-09-18T12:00:00Z
51302,2026-09-10T06:24:00Z,F/N,Matunga / Sion / Wadala,2000,+91-9758194020,0.74,19.0341,72.8573,fulfilled,true,42,2.0.0,2026-09-18T12:00:00Z
51303,2026-09-10T08:21:00Z,G/S,Worli / Lower Parel,10000,+91-9714009908,0.36,19.0073,72.8191,fulfilled,true,42,2.0.0,2026-09-18T12:00:00Z
51304,2026-09-10T21:14:00Z,P/S,Goregaon West & East,2000,+91-9742782604,0.58,19.1676,72.8376,fulfilled,true,42,2.0.0,2026-09-18T12:00:00Z
51305,2026-09-10T11:26:00Z,G/S,Worli / Lower Parel,1000,+91-9790434567,0.36,19.0048,72.822,fulfilled,true,42,2.0.0,2026-09-18T12:00:00Z
51306,2026-09-10T20:05:00Z,R/N,Dahisar / Mandapeshwar,1000,+91-9748526701,0.42,19.2524,72.8605,fulfilled,true,42,2.0.0,2026-09-18T12:00:00Z
51307,2026-09-10T09:19:00Z,C,Marine Lines / Chandanwadi,10000,+91-9757440714,0.32,18.9408,72.818,fulfilled,true,42,2.0.0,2026-09-18T12:00:00Z
51308,2026-09-10T12:52:00Z,M/W,Chembur West / Tilak Nagar,2000,+91-9734860387,0.55,19.0536,72.8927,fulfilled,true,42,2.0.0,2026-09-18T12:00:00Z
51309,2026-09-10T18:12:00Z,K/W,Andheri West / Versova,10000,+91-9749644258,0.44,19.1239,72.8242,fulfilled,true,42,2.0.0,2026-09-18T12:00:00Z
51310,2026-09-10T15:04:00Z,H/W,Bandra West / Khar,5000,+91-9789849011,0.28,19.0544,72.8377,fulfilled,true,42,2.0.0,2026-09-18T12:00:00Z
51311,2026-09-10T15:36:00Z,E,Byculla / Mazgaon / Nagpada,10000,+91-9765320002,0.48,18.9674,72.8279,fulfilled,true,42,2.0.0,2026-09-18T12:00:00Z
51312,2026-09-10T13:37:00Z,R/N,Dahisar / Mandapeshwar,1000,+91-9737935848,0.42,19.2509,72.8534,fulfilled,true,42,2.0.0,2026-09-18T12:00:00Z
51313,2026-09-10T15:09:00Z,E,Byculla / Mazgaon / Nagpada,5000,+91-9721450499,0.48,18.971,72.824,fulfilled,true,42,2.0.0,2026-09-18T12:00:00Z
51314,2026-09-10T14:14:00Z,T,Mulund / Nahur,2000,+91-9773579121,0.48,19.179,72.9619,fulfilled,true,42,2.0.0,2026-09-18T12:00:00Z
51315,2026-09-10T22:34:00Z,R/C,Borivali / Gorai,1000,+91-9747626327,0.46,19.2322,72.8638,fulfilled,true,42,2.0.0,2026-09-18T12:00:00Z
51316,2026-09-10T13:11:00Z,R/N,Dahisar / Mandapeshwar,1000,+91-9770527786,0.42,19.2462,72.8632,fulfilled,true,42,2.0.0,2026-09-18T12:00:00Z
51317,2026-09-10T15:05:00Z,G/S,Worli / Lower Parel,1000,+91-9719595491,0.36,19.0105,72.824,fulfilled,true,42,2.0.0,2026-09-18T12:00:00Z
51318,2026-09-10T15:16:00Z,M/E,Govandi / Mankhurd / Shivaji Nagar,10000,+91-9753981954,0.96,19.0543,72.9259,fulfilled,true,42,2.0.0,2026-09-18T12:00:00Z
51319,2026-09-11T11:38:00Z,M/W,Chembur West / Tilak Nagar,1000,+91-9744770506,0.55,19.0596,72.904,fulfilled,true,42,2.0.0,2026-09-18T12:00:00Z
51320,2026-09-11T08:03:00Z,H/W,Bandra West / Khar,1000,+91-9719994689,0.28,19.0506,72.8336,fulfilled,true,42,2.0.0,2026-09-18T12:00:00Z
51321,2026-09-11T19:58:00Z,K/W,Andheri West / Versova,2000,+91-9730975475,0.44,19.126,72.8276,fulfilled,true,42,2.0.0,2026-09-18T12:00:00Z
51322,2026-09-11T18:38:00Z,L,Kurla / Asalpha / Sakinaka,5000,+91-9768693645,0.88,19.0656,72.8807,fulfilled,true,42,2.0.0,2026-09-18T12:00:00Z
51323,2026-09-11T16:40:00Z,C,Marine Lines / Chandanwadi,2000,+91-9753750884,0.32,18.9498,72.8234,fulfilled,true,42,2.0.0,2026-09-18T12:00:00Z
51324,2026-09-11T15:01:00Z,P/S,Goregaon West & East,10000,+91-9730035439,0.58,19.1664,72.84,fulfilled,true,42,2.0.0,2026-09-18T12:00:00Z
51325,2026-09-11T19:38:00Z,P/S,Goregaon West & East,2000,+91-9786449446,0.58,19.1663,72.8421,fulfilled,true,42,2.0.0,2026-09-18T12:00:00Z
51326,2026-09-11T05:14:00Z,R/S,Kandivali West & East,1000,+91-9719452913,0.52,19.2088,72.8505,fulfilled,true,42,2.0.0,2026-09-18T12:00:00Z
51327,2026-09-11T19:31:00Z,G/S,Worli / Lower Parel,2000,+91-9768493046,0.36,19.0028,72.8162,fulfilled,true,42,2.0.0,2026-09-18T12:00:00Z
51328,2026-09-11T16:49:00Z,P/S,Goregaon West & East,2000,+91-9718569023,0.58,19.1684,72.8364,fulfilled,true,42,2.0.0,2026-09-18T12:00:00Z
51329,2026-09-11T14:51:00Z,G/N,Dharavi / Mahim / Dadar West,1000,+91-9777822065,0.93,19.0384,72.8471,fulfilled,true,42,2.0.0,2026-09-18T12:00:00Z
51330,2026-09-11T08:54:00Z,G/S,Worli / Lower Parel,1000,+91-9768433303,0.36,19.0009,72.8257,fulfilled,true,42,2.0.0,2026-09-18T12:00:00Z
51331,2026-09-11T12:15:00Z,L,Kurla / Asalpha / Sakinaka,1000,+91-9750641231,0.88,19.077,72.8809,fulfilled,true,42,2.0.0,2026-09-18T12:00:00Z
51332,2026-09-11T08:45:00Z,R/S,Kandivali West & East,5000,+91-9773497328,0.52,19.2053,72.8482,fulfilled,true,42,2.0.0,2026-09-18T12:00:00Z
51333,2026-09-11T18:04:00Z,A,Colaba / Fort / Nariman Point,2000,+91-9788373868,0.22,18.9191,72.84,fulfilled,true,42,2.0.0,2026-09-18T12:00:00Z
51334,2026-09-11T17:17:00Z,F/N,Matunga / Sion / Wadala,1000,+91-9731146447,0.74,19.0211,72.8499,fulfilled,true,42,2.0.0,2026-09-18T12:00:00Z
51335,2026-09-11T22:20:00Z,T,Mulund / Nahur,5000,+91-9716611024,0.48,19.1764,72.9536,fulfilled,true,42,2.0.0,2026-09-18T12:00:00Z
51336,2026-09-11T18:47:00Z,F/S,Parel / Sewri / Lalbaug,2000,+91-9796533581,0.42,19.0019,72.8474,fulfilled,true,42,2.0.0,2026-09-18T12:00:00Z
51337,2026-09-11T12:48:00Z,K/W,Andheri West / Versova,10000,+91-9783554387,0.44,19.132,72.8278,fulfilled,true,42,2.0.0,2026-09-18T12:00:00Z
51338,2026-09-11T18:33:00Z,L,Kurla / Asalpha / Sakinaka,1000,+91-9790366738,0.88,19.0737,72.8744,fulfilled,true,42,2.0.0,2026-09-18T12:00:00Z
51339,2026-09-11T18:19:00Z,M/W,Chembur West / Tilak Nagar,10000,+91-9777517359,0.55,19.0668,72.9032,fulfilled,true,42,2.0.0,2026-09-18T12:00:00Z
51340,2026-09-11T17:51:00Z,R/N,Dahisar / Mandapeshwar,1000,+91-9740969035,0.42,19.2536,72.8646,fulfilled,true,42,2.0.0,2026-09-18T12:00:00Z
51341,2026-09-11T21:00:00Z,R/N,Dahisar / Mandapeshwar,1000,+91-9755943322,0.42,19.2515,72.8633,fulfilled,true,42,2.0.0,2026-09-18T12:00:00Z
51342,2026-09-11T05:52:00Z,F/N,Matunga / Sion / Wadala,1000,+91-9762221612,0.74,19.0208,72.8539,fulfilled,true,42,2.0.0,2026-09-18T12:00:00Z
51343,2026-09-11T20:13:00Z,F/S,Parel / Sewri / Lalbaug,2000,+91-9787478915,0.42,18.9948,72.8489,fulfilled,true,42,2.0.0,2026-09-18T12:00:00Z
51344,2026-09-11T15:29:00Z,L,Kurla / Asalpha / Sakinaka,10000,+91-9725441549,0.88,19.069,72.8893,fulfilled,true,42,2.0.0,2026-09-18T12:00:00Z
51345,2026-09-11T12:19:00Z,R/N,Dahisar / Mandapeshwar,2000,+91-9781246778,0.42,19.2509,72.864,fulfilled,true,42,2.0.0,2026-09-18T12:00:00Z
51346,2026-09-11T08:47:00Z,P/N,Malad / Marve / Malvani,10000,+91-9749194891,0.79,19.1923,72.8461,fulfilled,true,42,2.0.0,2026-09-18T12:00:00Z
51347,2026-09-11T20:26:00Z,K/E,Andheri East / Marol,1000,+91-9774547680,0.65,19.1193,72.8761,fulfilled,true,42,2.0.0,2026-09-18T12:00:00Z
51348,2026-09-11T22:45:00Z,N,Ghatkopar / Pant Nagar,2000,+91-9770287922,0.61,19.088,72.9113,fulfilled,true,42,2.0.0,2026-09-18T12:00:00Z
51349,2026-09-11T09:40:00Z,P/S,Goregaon West & East,2000,+91-9730232418,0.58,19.1634,72.8502,fulfilled,true,42,2.0.0,2026-09-18T12:00:00Z
51350,2026-09-11T20:28:00Z,R/N,Dahisar / Mandapeshwar,5000,+91-9726018863,0.42,19.2494,72.8645,fulfilled,true,42,2.0.0,2026-09-18T12:00:00Z
51351,2026-09-11T05:44:00Z,F/N,Matunga / Sion / Wadala,10000,+91-9774472665,0.74,19.0253,72.8618,fulfilled,true,42,2.0.0,2026-09-18T12:00:00Z
51352,2026-09-11T19:24:00Z,G/N,Dharavi / Mahim / Dadar West,2000,+91-9720363885,0.93,19.0432,72.8473,fulfilled,true,42,2.0.0,2026-09-18T12:00:00Z
51353,2026-09-11T08:53:00Z,L,Kurla / Asalpha / Sakinaka,2000,+91-9718425926,0.88,19.0694,72.8845,fulfilled,true,42,2.0.0,2026-09-18T12:00:00Z
51354,2026-09-11T22:26:00Z,A,Colaba / Fort / Nariman Point,10000,+91-9728841303,0.22,18.9223,72.835,fulfilled,true,42,2.0.0,2026-09-18T12:00:00Z
51355,2026-09-11T06:51:00Z,H/W,Bandra West / Khar,5000,+91-9788266301,0.28,19.0628,72.8371,fulfilled,true,42,2.0.0,2026-09-18T12:00:00Z
51356,2026-09-11T20:54:00Z,D,Malabar Hill / Walkeshwar,1000,+91-9739580113,0.16,18.9686,72.8127,fulfilled,true,42,2.0.0,2026-09-18T12:00:00Z
51357,2026-09-11T19:10:00Z,K/E,Andheri East / Marol,5000,+91-9755275006,0.65,19.1159,72.875,fulfilled,true,42,2.0.0,2026-09-18T12:00:00Z
51358,2026-09-11T19:28:00Z,H/W,Bandra West / Khar,1000,+91-9796878784,0.28,19.0503,72.8382,fulfilled,true,42,2.0.0,2026-09-18T12:00:00Z
51359,2026-09-11T21:10:00Z,M/W,Chembur West / Tilak Nagar,10000,+91-9766238721,0.55,19.0621,72.9,fulfilled,true,42,2.0.0,2026-09-18T12:00:00Z
51360,2026-09-11T15:40:00Z,L,Kurla / Asalpha / Sakinaka,5000,+91-9779225456,0.88,19.0654,72.8799,fulfilled,true,42,2.0.0,2026-09-18T12:00:00Z
51361,2026-09-11T14:32:00Z,R/N,Dahisar / Mandapeshwar,10000,+91-9739267767,0.42,19.2582,72.8561,fulfilled,true,42,2.0.0,2026-09-18T12:00:00Z
51362,2026-09-11T19:50:00Z,N,Ghatkopar / Pant Nagar,1000,+91-9745989877,0.61,19.0779,72.9084,fulfilled,true,42,2.0.0,2026-09-18T12:00:00Z
51363,2026-09-11T13:19:00Z,G/S,Worli / Lower Parel,1000,+91-9767360098,0.36,19.0014,72.8257,fulfilled,true,42,2.0.0,2026-09-18T12:00:00Z
51364,2026-09-11T15:10:00Z,R/C,Borivali / Gorai,10000,+91-9796085201,0.46,19.2307,72.8623,fulfilled,true,42,2.0.0,2026-09-18T12:00:00Z
51365,2026-09-11T05:13:00Z,F/S,Parel / Sewri / Lalbaug,1000,+91-9766946820,0.42,18.9962,72.8479,fulfilled,true,42,2.0.0,2026-09-18T12:00:00Z
51366,2026-09-11T05:41:00Z,T,Mulund / Nahur,2000,+91-9720205143,0.48,19.1714,72.9518,fulfilled,true,42,2.0.0,2026-09-18T12:00:00Z
51367,2026-09-11T20:27:00Z,R/N,Dahisar / Mandapeshwar,10000,+91-9786477006,0.42,19.2493,72.8569,fulfilled,true,42,2.0.0,2026-09-18T12:00:00Z
51368,2026-09-11T22:36:00Z,C,Marine Lines / Chandanwadi,10000,+91-9757999276,0.32,18.9485,72.818,fulfilled,true,42,2.0.0,2026-09-18T12:00:00Z
51369,2026-09-11T18:55:00Z,M/E,Govandi / Mankhurd / Shivaji Nagar,5000,+91-9749739041,0.96,19.0537,72.9144,fulfilled,true,42,2.0.0,2026-09-18T12:00:00Z
51370,2026-09-11T15:13:00Z,P/N,Malad / Marve / Malvani,1000,+91-9734825394,0.79,19.1859,72.8491,fulfilled,true,42,2.0.0,2026-09-18T12:00:00Z
51371,2026-09-12T20:43:00Z,R/S,Kandivali West & East,1000,+91-9783544077,0.52,19.2047,72.8556,fulfilled,true,42,2.0.0,2026-09-18T12:00:00Z
51372,2026-09-12T17:03:00Z,F/N,Matunga / Sion / Wadala,2000,+91-9781565317,0.74,19.027,72.858,fulfilled,true,42,2.0.0,2026-09-18T12:00:00Z
51373,2026-09-12T15:40:00Z,H/E,Bandra East / Santacruz East,1000,+91-9772573733,0.71,19.0661,72.8496,fulfilled,true,42,2.0.0,2026-09-18T12:00:00Z
51374,2026-09-12T16:33:00Z,H/E,Bandra East / Santacruz East,5000,+91-9795038175,0.71,19.0547,72.8502,fulfilled,true,42,2.0.0,2026-09-18T12:00:00Z
51375,2026-09-12T11:11:00Z,R/S,Kandivali West & East,1000,+91-9723045542,0.52,19.2134,72.848,fulfilled,true,42,2.0.0,2026-09-18T12:00:00Z
51376,2026-09-12T13:56:00Z,A,Colaba / Fort / Nariman Point,5000,+91-9713165624,0.22,18.9297,72.8394,fulfilled,true,42,2.0.0,2026-09-18T12:00:00Z
51377,2026-09-12T08:33:00Z,A,Colaba / Fort / Nariman Point,5000,+91-9781442830,0.22,18.9191,72.8317,fulfilled,true,42,2.0.0,2026-09-18T12:00:00Z
51378,2026-09-12T09:37:00Z,B,Sandhurst Road / Dongri,1000,+91-9723238464,0.4,18.9454,72.834,fulfilled,true,42,2.0.0,2026-09-18T12:00:00Z
51379,2026-09-12T18:10:00Z,L,Kurla / Asalpha / Sakinaka,2000,+91-9741605832,0.88,19.0671,72.8771,fulfilled,true,42,2.0.0,2026-09-18T12:00:00Z
51380,2026-09-12T05:39:00Z,T,Mulund / Nahur,2000,+91-9719753772,0.48,19.1747,72.9544,fulfilled,true,42,2.0.0,2026-09-18T12:00:00Z
51381,2026-09-12T17:42:00Z,F/S,Parel / Sewri / Lalbaug,2000,+91-9753558341,0.42,18.9909,72.8503,fulfilled,true,42,2.0.0,2026-09-18T12:00:00Z
51382,2026-09-12T21:16:00Z,H/W,Bandra West / Khar,5000,+91-9713828798,0.28,19.059,72.8276,fulfilled,true,42,2.0.0,2026-09-18T12:00:00Z
51383,2026-09-12T13:09:00Z,K/E,Andheri East / Marol,10000,+91-9770124383,0.65,19.1152,72.8773,fulfilled,true,42,2.0.0,2026-09-18T12:00:00Z
51384,2026-09-12T15:27:00Z,G/S,Worli / Lower Parel,2000,+91-9713544955,0.36,19.0111,72.8165,fulfilled,true,42,2.0.0,2026-09-18T12:00:00Z
51385,2026-09-12T08:14:00Z,A,Colaba / Fort / Nariman Point,1000,+91-9739510994,0.22,18.9192,72.8308,fulfilled,true,42,2.0.0,2026-09-18T12:00:00Z
51386,2026-09-12T15:49:00Z,T,Mulund / Nahur,10000,+91-9788079972,0.48,19.1655,72.9504,fulfilled,true,42,2.0.0,2026-09-18T12:00:00Z
51387,2026-09-12T13:35:00Z,A,Colaba / Fort / Nariman Point,2000,+91-9718832203,0.22,18.9199,72.836,fulfilled,true,42,2.0.0,2026-09-18T12:00:00Z
51388,2026-09-12T19:15:00Z,R/N,Dahisar / Mandapeshwar,1000,+91-9799710016,0.42,19.2563,72.8648,fulfilled,true,42,2.0.0,2026-09-18T12:00:00Z
51389,2026-09-12T14:18:00Z,E,Byculla / Mazgaon / Nagpada,5000,+91-9777508267,0.48,18.976,72.8278,fulfilled,true,42,2.0.0,2026-09-18T12:00:00Z
51390,2026-09-12T16:02:00Z,B,Sandhurst Road / Dongri,5000,+91-9737527371,0.4,18.9507,72.837,fulfilled,true,42,2.0.0,2026-09-18T12:00:00Z
51391,2026-09-12T10:46:00Z,S,Bhandup / Kanjurmarg / Powai,5000,+91-9710062213,0.69,19.141,72.9229,fulfilled,true,42,2.0.0,2026-09-18T12:00:00Z
51392,2026-09-12T16:40:00Z,R/S,Kandivali West & East,5000,+91-9799783969,0.52,19.2067,72.848,fulfilled,true,42,2.0.0,2026-09-18T12:00:00Z
51393,2026-09-12T17:18:00Z,T,Mulund / Nahur,5000,+91-9777060534,0.48,19.1661,72.9603,fulfilled,true,42,2.0.0,2026-09-18T12:00:00Z
51394,2026-09-12T16:44:00Z,M/W,Chembur West / Tilak Nagar,10000,+91-9730350520,0.55,19.0611,72.8906,fulfilled,true,42,2.0.0,2026-09-18T12:00:00Z
51395,2026-09-12T09:54:00Z,S,Bhandup / Kanjurmarg / Powai,5000,+91-9770785230,0.69,19.143,72.9317,fulfilled,true,42,2.0.0,2026-09-18T12:00:00Z
51396,2026-09-12T10:38:00Z,L,Kurla / Asalpha / Sakinaka,5000,+91-9785633319,0.88,19.0654,72.8893,fulfilled,true,42,2.0.0,2026-09-18T12:00:00Z
51397,2026-09-12T13:53:00Z,B,Sandhurst Road / Dongri,1000,+91-9796671694,0.4,18.9564,72.8347,fulfilled,true,42,2.0.0,2026-09-18T12:00:00Z
51398,2026-09-12T15:43:00Z,K/E,Andheri East / Marol,1000,+91-9731322689,0.65,19.1081,72.8756,fulfilled,true,42,2.0.0,2026-09-18T12:00:00Z
51399,2026-09-12T20:14:00Z,G/S,Worli / Lower Parel,5000,+91-9724437071,0.36,18.9991,72.8244,fulfilled,true,42,2.0.0,2026-09-18T12:00:00Z
51400,2026-09-12T08:16:00Z,F/N,Matunga / Sion / Wadala,1000,+91-9784961025,0.74,19.0239,72.8641,fulfilled,true,42,2.0.0,2026-09-18T12:00:00Z
51401,2026-09-12T08:29:00Z,F/N,Matunga / Sion / Wadala,5000,+91-9733479014,0.74,19.0217,72.8493,fulfilled,true,42,2.0.0,2026-09-18T12:00:00Z
51402,2026-09-12T11:21:00Z,M/W,Chembur West / Tilak Nagar,1000,+91-9799887219,0.55,19.0546,72.8951,fulfilled,true,42,2.0.0,2026-09-18T12:00:00Z
51403,2026-09-12T12:45:00Z,M/E,Govandi / Mankhurd / Shivaji Nagar,1000,+91-9716028762,0.96,19.0579,72.9199,fulfilled,true,42,2.0.0,2026-09-18T12:00:00Z
51404,2026-09-12T20:16:00Z,H/W,Bandra West / Khar,1000,+91-9724413254,0.28,19.0638,72.8396,fulfilled,true,42,2.0.0,2026-09-18T12:00:00Z
51405,2026-09-12T21:48:00Z,B,Sandhurst Road / Dongri,10000,+91-9721139137,0.4,18.9587,72.843,fulfilled,true,42,2.0.0,2026-09-18T12:00:00Z
51406,2026-09-12T08:43:00Z,N,Ghatkopar / Pant Nagar,1000,+91-9753313716,0.61,19.0775,72.9124,fulfilled,true,42,2.0.0,2026-09-18T12:00:00Z
51407,2026-09-12T13:24:00Z,A,Colaba / Fort / Nariman Point,10000,+91-9775142473,0.22,18.9155,72.8376,fulfilled,true,42,2.0.0,2026-09-18T12:00:00Z
51408,2026-09-12T14:03:00Z,M/E,Govandi / Mankhurd / Shivaji Nagar,10000,+91-9771286012,0.96,19.0487,72.9131,fulfilled,true,42,2.0.0,2026-09-18T12:00:00Z
51409,2026-09-12T15:04:00Z,F/N,Matunga / Sion / Wadala,1000,+91-9798213547,0.74,19.021,72.8522,fulfilled,true,42,2.0.0,2026-09-18T12:00:00Z
51410,2026-09-12T19:41:00Z,K/W,Andheri West / Versova,1000,+91-9731326623,0.44,19.1308,72.8284,fulfilled,true,42,2.0.0,2026-09-18T12:00:00Z
51411,2026-09-12T06:50:00Z,H/E,Bandra East / Santacruz East,5000,+91-9767444240,0.71,19.0586,72.8526,fulfilled,true,42,2.0.0,2026-09-18T12:00:00Z
51412,2026-09-12T20:31:00Z,G/S,Worli / Lower Parel,2000,+91-9746729534,0.36,19.0047,72.8217,fulfilled,true,42,2.0.0,2026-09-18T12:00:00Z
51413,2026-09-12T13:44:00Z,F/S,Parel / Sewri / Lalbaug,2000,+91-9715447463,0.42,18.9973,72.8375,fulfilled,true,42,2.0.0,2026-09-18T12:00:00Z
51414,2026-09-12T18:16:00Z,A,Colaba / Fort / Nariman Point,5000,+91-9751790388,0.22,18.9152,72.8408,fulfilled,true,42,2.0.0,2026-09-18T12:00:00Z
51415,2026-09-12T20:18:00Z,K/E,Andheri East / Marol,10000,+91-9734783909,0.65,19.1072,72.8709,fulfilled,true,42,2.0.0,2026-09-18T12:00:00Z
51416,2026-09-12T09:25:00Z,D,Malabar Hill / Walkeshwar,10000,+91-9752505287,0.16,18.9531,72.8131,fulfilled,true,42,2.0.0,2026-09-18T12:00:00Z
51417,2026-09-12T05:13:00Z,E,Byculla / Mazgaon / Nagpada,10000,+91-9711383040,0.48,18.9739,72.8273,fulfilled,true,42,2.0.0,2026-09-18T12:00:00Z
51418,2026-09-12T21:33:00Z,G/N,Dharavi / Mahim / Dadar West,5000,+91-9715195480,0.93,19.0507,72.8467,fulfilled,true,42,2.0.0,2026-09-18T12:00:00Z
51419,2026-09-12T17:09:00Z,H/E,Bandra East / Santacruz East,10000,+91-9756551794,0.71,19.0693,72.8498,fulfilled,true,42,2.0.0,2026-09-18T12:00:00Z
51420,2026-09-12T12:16:00Z,L,Kurla / Asalpha / Sakinaka,2000,+91-9773179343,0.88,19.0666,72.8833,fulfilled,true,42,2.0.0,2026-09-18T12:00:00Z
51421,2026-09-12T22:53:00Z,S,Bhandup / Kanjurmarg / Powai,1000,+91-9776215676,0.69,19.1345,72.9264,fulfilled,true,42,2.0.0,2026-09-18T12:00:00Z
51422,2026-09-13T14:18:00Z,M/E,Govandi / Mankhurd / Shivaji Nagar,10000,+91-9770243892,0.96,19.0516,72.9234,fulfilled,true,42,2.0.0,2026-09-18T12:00:00Z
51423,2026-09-13T13:55:00Z,G/S,Worli / Lower Parel,5000,+91-9715913860,0.36,19.0089,72.8274,fulfilled,true,42,2.0.0,2026-09-18T12:00:00Z
51424,2026-09-13T18:48:00Z,C,Marine Lines / Chandanwadi,5000,+91-9761035781,0.32,18.9448,72.8218,fulfilled,true,42,2.0.0,2026-09-18T12:00:00Z
51425,2026-09-13T20:29:00Z,L,Kurla / Asalpha / Sakinaka,1000,+91-9784266084,0.88,19.0692,72.8858,fulfilled,true,42,2.0.0,2026-09-18T12:00:00Z
51426,2026-09-13T10:19:00Z,A,Colaba / Fort / Nariman Point,10000,+91-9795797124,0.22,18.9146,72.8317,fulfilled,true,42,2.0.0,2026-09-18T12:00:00Z
51427,2026-09-13T20:50:00Z,T,Mulund / Nahur,2000,+91-9719788155,0.48,19.1784,72.9613,fulfilled,true,42,2.0.0,2026-09-18T12:00:00Z
51428,2026-09-13T16:06:00Z,S,Bhandup / Kanjurmarg / Powai,5000,+91-9762216191,0.69,19.1366,72.9234,fulfilled,true,42,2.0.0,2026-09-18T12:00:00Z
51429,2026-09-13T16:10:00Z,R/C,Borivali / Gorai,1000,+91-9768980009,0.46,19.2251,72.8627,fulfilled,true,42,2.0.0,2026-09-18T12:00:00Z
51430,2026-09-13T20:33:00Z,R/S,Kandivali West & East,2000,+91-9729359794,0.52,19.2128,72.8562,fulfilled,true,42,2.0.0,2026-09-18T12:00:00Z
51431,2026-09-13T09:48:00Z,K/E,Andheri East / Marol,10000,+91-9799238774,0.65,19.1103,72.8679,fulfilled,true,42,2.0.0,2026-09-18T12:00:00Z
51432,2026-09-13T06:09:00Z,S,Bhandup / Kanjurmarg / Powai,5000,+91-9771831451,0.69,19.1419,72.9343,fulfilled,true,42,2.0.0,2026-09-18T12:00:00Z
51433,2026-09-13T09:42:00Z,R/C,Borivali / Gorai,1000,+91-9722523147,0.46,19.2233,72.8641,fulfilled,true,42,2.0.0,2026-09-18T12:00:00Z
51434,2026-09-13T17:43:00Z,N,Ghatkopar / Pant Nagar,1000,+91-9781657248,0.61,19.087,72.9039,fulfilled,true,42,2.0.0,2026-09-18T12:00:00Z
51435,2026-09-13T07:49:00Z,S,Bhandup / Kanjurmarg / Powai,2000,+91-9780203525,0.69,19.1383,72.9202,fulfilled,true,42,2.0.0,2026-09-18T12:00:00Z
51436,2026-09-13T22:39:00Z,B,Sandhurst Road / Dongri,2000,+91-9728005676,0.4,18.9522,72.8302,fulfilled,true,42,2.0.0,2026-09-18T12:00:00Z
51437,2026-09-13T14:47:00Z,R/S,Kandivali West & East,2000,+91-9718736799,0.52,19.2095,72.8436,fulfilled,true,42,2.0.0,2026-09-18T12:00:00Z
51438,2026-09-13T05:47:00Z,C,Marine Lines / Chandanwadi,1000,+91-9781210470,0.32,18.9506,72.8319,fulfilled,true,42,2.0.0,2026-09-18T12:00:00Z
51439,2026-09-13T19:36:00Z,F/S,Parel / Sewri / Lalbaug,1000,+91-9719255759,0.42,18.9956,72.8441,fulfilled,true,42,2.0.0,2026-09-18T12:00:00Z
51440,2026-09-13T13:57:00Z,P/S,Goregaon West & East,10000,+91-9765403852,0.58,19.159,72.8511,fulfilled,true,42,2.0.0,2026-09-18T12:00:00Z
51441,2026-09-13T17:27:00Z,P/N,Malad / Marve / Malvani,2000,+91-9747078629,0.79,19.1835,72.8483,fulfilled,true,42,2.0.0,2026-09-18T12:00:00Z
51442,2026-09-13T18:28:00Z,C,Marine Lines / Chandanwadi,2000,+91-9793126777,0.32,18.9443,72.8223,fulfilled,true,42,2.0.0,2026-09-18T12:00:00Z
51443,2026-09-13T16:08:00Z,R/C,Borivali / Gorai,10000,+91-9732808224,0.46,19.2244,72.8642,fulfilled,true,42,2.0.0,2026-09-18T12:00:00Z
51444,2026-09-13T17:46:00Z,L,Kurla / Asalpha / Sakinaka,2000,+91-9741146278,0.88,19.0697,72.8815,fulfilled,true,42,2.0.0,2026-09-18T12:00:00Z
51445,2026-09-13T17:11:00Z,R/S,Kandivali West & East,5000,+91-9777854204,0.52,19.1989,72.8561,fulfilled,true,42,2.0.0,2026-09-18T12:00:00Z
51446,2026-09-13T09:03:00Z,G/S,Worli / Lower Parel,5000,+91-9789287652,0.36,18.9987,72.815,fulfilled,true,42,2.0.0,2026-09-18T12:00:00Z
51447,2026-09-13T08:38:00Z,F/N,Matunga / Sion / Wadala,1000,+91-9759348547,0.74,19.0295,72.8633,fulfilled,true,42,2.0.0,2026-09-18T12:00:00Z
51448,2026-09-13T08:31:00Z,P/S,Goregaon West & East,2000,+91-9757924076,0.58,19.1591,72.8488,fulfilled,true,42,2.0.0,2026-09-18T12:00:00Z
51449,2026-09-13T06:38:00Z,M/W,Chembur West / Tilak Nagar,2000,+91-9739651867,0.55,19.0564,72.8994,fulfilled,true,42,2.0.0,2026-09-18T12:00:00Z
51450,2026-09-13T22:07:00Z,L,Kurla / Asalpha / Sakinaka,1000,+91-9719055601,0.88,19.0772,72.8759,fulfilled,true,42,2.0.0,2026-09-18T12:00:00Z
51451,2026-09-13T15:21:00Z,L,Kurla / Asalpha / Sakinaka,2000,+91-9731476461,0.88,19.0753,72.875,fulfilled,true,42,2.0.0,2026-09-18T12:00:00Z
51452,2026-09-13T09:53:00Z,C,Marine Lines / Chandanwadi,10000,+91-9747250900,0.32,18.9448,72.8278,fulfilled,true,42,2.0.0,2026-09-18T12:00:00Z
51453,2026-09-13T17:08:00Z,G/N,Dharavi / Mahim / Dadar West,2000,+91-9753346695,0.93,19.0375,72.8475,fulfilled,true,42,2.0.0,2026-09-18T12:00:00Z
51454,2026-09-13T10:57:00Z,N,Ghatkopar / Pant Nagar,2000,+91-9747496201,0.61,19.0909,72.9028,fulfilled,true,42,2.0.0,2026-09-18T12:00:00Z
51455,2026-09-13T19:25:00Z,A,Colaba / Fort / Nariman Point,10000,+91-9760320152,0.22,18.9157,72.8312,fulfilled,true,42,2.0.0,2026-09-18T12:00:00Z
51456,2026-09-13T22:05:00Z,E,Byculla / Mazgaon / Nagpada,10000,+91-9764157330,0.48,18.98,72.83,fulfilled,true,42,2.0.0,2026-09-18T12:00:00Z
51457,2026-09-13T07:29:00Z,E,Byculla / Mazgaon / Nagpada,2000,+91-9732514458,0.48,18.9731,72.8277,fulfilled,true,42,2.0.0,2026-09-18T12:00:00Z
51458,2026-09-13T15:45:00Z,R/C,Borivali / Gorai,5000,+91-9717921106,0.46,19.231,72.8558,fulfilled,true,42,2.0.0,2026-09-18T12:00:00Z
51459,2026-09-13T07:19:00Z,L,Kurla / Asalpha / Sakinaka,5000,+91-9776514521,0.88,19.071,72.8868,fulfilled,true,42,2.0.0,2026-09-18T12:00:00Z
51460,2026-09-13T11:30:00Z,E,Byculla / Mazgaon / Nagpada,2000,+91-9735717900,0.48,18.9793,72.8391,fulfilled,true,42,2.0.0,2026-09-18T12:00:00Z
51461,2026-09-13T06:54:00Z,L,Kurla / Asalpha / Sakinaka,10000,+91-9790576113,0.88,19.0657,72.8823,fulfilled,true,42,2.0.0,2026-09-18T12:00:00Z
51462,2026-09-13T18:02:00Z,G/S,Worli / Lower Parel,1000,+91-9762997135,0.36,19.0129,72.8189,fulfilled,true,42,2.0.0,2026-09-18T12:00:00Z
51463,2026-09-13T14:37:00Z,R/S,Kandivali West & East,1000,+91-9744988705,0.52,19.2108,72.8464,fulfilled,true,42,2.0.0,2026-09-18T12:00:00Z
51464,2026-09-13T12:33:00Z,T,Mulund / Nahur,10000,+91-9741917894,0.48,19.176,72.9592,fulfilled,true,42,2.0.0,2026-09-18T12:00:00Z
51465,2026-09-13T17:40:00Z,B,Sandhurst Road / Dongri,2000,+91-9748509119,0.4,18.9539,72.8409,fulfilled,true,42,2.0.0,2026-09-18T12:00:00Z
51466,2026-09-13T12:34:00Z,K/W,Andheri West / Versova,5000,+91-9788012426,0.44,19.124,72.8229,fulfilled,true,42,2.0.0,2026-09-18T12:00:00Z
51467,2026-09-13T22:36:00Z,E,Byculla / Mazgaon / Nagpada,1000,+91-9742821090,0.48,18.9738,72.8387,fulfilled,true,42,2.0.0,2026-09-18T12:00:00Z
51468,2026-09-13T14:33:00Z,C,Marine Lines / Chandanwadi,5000,+91-9783890784,0.32,18.9515,72.8254,fulfilled,true,42,2.0.0,2026-09-18T12:00:00Z
51469,2026-09-13T11:21:00Z,F/S,Parel / Sewri / Lalbaug,1000,+91-9770243705,0.42,19.0052,72.8404,fulfilled,true,42,2.0.0,2026-09-18T12:00:00Z
51470,2026-09-13T16:45:00Z,S,Bhandup / Kanjurmarg / Powai,5000,+91-9755764784,0.69,19.1379,72.9359,fulfilled,true,42,2.0.0,2026-09-18T12:00:00Z
51471,2026-09-13T05:03:00Z,H/E,Bandra East / Santacruz East,5000,+91-9734297673,0.71,19.0552,72.8464,fulfilled,true,42,2.0.0,2026-09-18T12:00:00Z
51472,2026-09-13T13:41:00Z,R/S,Kandivali West & East,1000,+91-9719749576,0.52,19.2108,72.853,fulfilled,true,42,2.0.0,2026-09-18T12:00:00Z
51473,2026-09-13T06:33:00Z,R/C,Borivali / Gorai,2000,+91-9756347541,0.46,19.2338,72.8575,fulfilled,true,42,2.0.0,2026-09-18T12:00:00Z
51474,2026-09-13T16:00:00Z,P/N,Malad / Marve / Malvani,5000,+91-9758861327,0.79,19.1857,72.8503,fulfilled,true,42,2.0.0,2026-09-18T12:00:00Z
51475,2026-09-14T19:02:00Z,M/E,Govandi / Mankhurd / Shivaji Nagar,5000,+91-9741443129,0.96,19.058,72.9207,fulfilled,true,42,2.0.0,2026-09-18T12:00:00Z
51476,2026-09-14T10:37:00Z,P/S,Goregaon West & East,1000,+91-9783091501,0.58,19.1544,72.8449,fulfilled,true,42,2.0.0,2026-09-18T12:00:00Z
51477,2026-09-14T20:25:00Z,E,Byculla / Mazgaon / Nagpada,10000,+91-9731517813,0.48,18.9723,72.8275,fulfilled,true,42,2.0.0,2026-09-18T12:00:00Z
51478,2026-09-14T15:33:00Z,S,Bhandup / Kanjurmarg / Powai,1000,+91-9768624051,0.69,19.1412,72.9205,fulfilled,true,42,2.0.0,2026-09-18T12:00:00Z
51479,2026-09-14T21:36:00Z,P/S,Goregaon West & East,2000,+91-9777528375,0.58,19.1693,72.8393,fulfilled,true,42,2.0.0,2026-09-18T12:00:00Z
51480,2026-09-14T08:52:00Z,P/N,Malad / Marve / Malvani,2000,+91-9739729549,0.79,19.1845,72.8448,fulfilled,true,42,2.0.0,2026-09-18T12:00:00Z
51481,2026-09-14T15:44:00Z,C,Marine Lines / Chandanwadi,2000,+91-9713419115,0.32,18.9488,72.8242,fulfilled,true,42,2.0.0,2026-09-18T12:00:00Z
51482,2026-09-14T16:45:00Z,G/S,Worli / Lower Parel,5000,+91-9754710231,0.36,19.0082,72.8214,fulfilled,true,42,2.0.0,2026-09-18T12:00:00Z
51483,2026-09-14T11:08:00Z,K/E,Andheri East / Marol,2000,+91-9789355357,0.65,19.1177,72.8764,fulfilled,true,42,2.0.0,2026-09-18T12:00:00Z
51484,2026-09-14T17:04:00Z,H/E,Bandra East / Santacruz East,1000,+91-9712646694,0.71,19.0602,72.8436,fulfilled,true,42,2.0.0,2026-09-18T12:00:00Z
51485,2026-09-14T13:24:00Z,M/W,Chembur West / Tilak Nagar,2000,+91-9741101250,0.55,19.0531,72.9036,fulfilled,true,42,2.0.0,2026-09-18T12:00:00Z
51486,2026-09-14T07:46:00Z,P/N,Malad / Marve / Malvani,5000,+91-9733147691,0.79,19.1877,72.8427,fulfilled,true,42,2.0.0,2026-09-18T12:00:00Z
51487,2026-09-14T18:37:00Z,G/S,Worli / Lower Parel,1000,+91-9778183719,0.36,19.0117,72.8181,fulfilled,true,42,2.0.0,2026-09-18T12:00:00Z
51488,2026-09-14T05:20:00Z,A,Colaba / Fort / Nariman Point,5000,+91-9758125126,0.22,18.9265,72.8369,fulfilled,true,42,2.0.0,2026-09-18T12:00:00Z
51489,2026-09-14T14:46:00Z,H/E,Bandra East / Santacruz East,1000,+91-9797077807,0.71,19.0634,72.8575,fulfilled,true,42,2.0.0,2026-09-18T12:00:00Z
51490,2026-09-14T16:09:00Z,H/E,Bandra East / Santacruz East,1000,+91-9747464800,0.71,19.0651,72.8586,fulfilled,true,42,2.0.0,2026-09-18T12:00:00Z
51491,2026-09-14T10:14:00Z,B,Sandhurst Road / Dongri,10000,+91-9739981296,0.4,18.9566,72.831,fulfilled,true,42,2.0.0,2026-09-18T12:00:00Z
51492,2026-09-14T16:16:00Z,H/W,Bandra West / Khar,5000,+91-9731478150,0.28,19.0526,72.837,fulfilled,true,42,2.0.0,2026-09-18T12:00:00Z
51493,2026-09-14T13:00:00Z,F/N,Matunga / Sion / Wadala,2000,+91-9777215728,0.74,19.0307,72.8594,fulfilled,true,42,2.0.0,2026-09-18T12:00:00Z
51494,2026-09-14T12:32:00Z,G/N,Dharavi / Mahim / Dadar West,1000,+91-9711291442,0.93,19.037,72.8425,fulfilled,true,42,2.0.0,2026-09-18T12:00:00Z
51495,2026-09-14T22:56:00Z,B,Sandhurst Road / Dongri,10000,+91-9737167492,0.4,18.9476,72.8456,fulfilled,true,42,2.0.0,2026-09-18T12:00:00Z
51496,2026-09-14T06:53:00Z,E,Byculla / Mazgaon / Nagpada,1000,+91-9771313459,0.48,18.9766,72.8381,fulfilled,true,42,2.0.0,2026-09-18T12:00:00Z
51497,2026-09-14T16:45:00Z,M/W,Chembur West / Tilak Nagar,10000,+91-9797855751,0.55,19.0533,72.8999,fulfilled,true,42,2.0.0,2026-09-18T12:00:00Z
51498,2026-09-14T07:23:00Z,L,Kurla / Asalpha / Sakinaka,10000,+91-9738951282,0.88,19.0688,72.8872,fulfilled,true,42,2.0.0,2026-09-18T12:00:00Z
51499,2026-09-14T18:37:00Z,A,Colaba / Fort / Nariman Point,10000,+91-9719043990,0.22,18.9236,72.8416,fulfilled,true,42,2.0.0,2026-09-18T12:00:00Z
51500,2026-09-14T10:14:00Z,R/C,Borivali / Gorai,1000,+91-9763337852,0.46,19.2276,72.8559,fulfilled,true,42,2.0.0,2026-09-18T12:00:00Z
51501,2026-09-14T16:42:00Z,D,Malabar Hill / Walkeshwar,10000,+91-9764394684,0.16,18.9578,72.8056,fulfilled,true,42,2.0.0,2026-09-18T12:00:00Z
51502,2026-09-14T19:02:00Z,L,Kurla / Asalpha / Sakinaka,2000,+91-9765203143,0.88,19.0778,72.8743,fulfilled,true,42,2.0.0,2026-09-18T12:00:00Z
51503,2026-09-14T07:51:00Z,E,Byculla / Mazgaon / Nagpada,10000,+91-9777661572,0.48,18.9791,72.8277,fulfilled,true,42,2.0.0,2026-09-18T12:00:00Z
51504,2026-09-14T10:31:00Z,G/S,Worli / Lower Parel,5000,+91-9724948647,0.36,19.0139,72.8197,fulfilled,true,42,2.0.0,2026-09-18T12:00:00Z
51505,2026-09-14T09:32:00Z,A,Colaba / Fort / Nariman Point,1000,+91-9725349590,0.22,18.9251,72.8394,fulfilled,true,42,2.0.0,2026-09-18T12:00:00Z
51506,2026-09-14T19:46:00Z,A,Colaba / Fort / Nariman Point,2000,+91-9791450088,0.22,18.9159,72.8339,fulfilled,true,42,2.0.0,2026-09-18T12:00:00Z
51507,2026-09-14T16:33:00Z,D,Malabar Hill / Walkeshwar,10000,+91-9758286246,0.16,18.9651,72.8138,fulfilled,true,42,2.0.0,2026-09-18T12:00:00Z
51508,2026-09-14T06:38:00Z,R/C,Borivali / Gorai,1000,+91-9743186520,0.46,19.2321,72.8572,fulfilled,true,42,2.0.0,2026-09-18T12:00:00Z
51509,2026-09-14T11:21:00Z,T,Mulund / Nahur,2000,+91-9714602110,0.48,19.1766,72.956,fulfilled,true,42,2.0.0,2026-09-18T12:00:00Z
51510,2026-09-14T14:38:00Z,P/N,Malad / Marve / Malvani,2000,+91-9779435510,0.79,19.1824,72.841,fulfilled,true,42,2.0.0,2026-09-18T12:00:00Z
51511,2026-09-14T09:42:00Z,S,Bhandup / Kanjurmarg / Powai,10000,+91-9734468558,0.69,19.1378,72.9359,fulfilled,true,42,2.0.0,2026-09-18T12:00:00Z
51512,2026-09-14T11:27:00Z,R/N,Dahisar / Mandapeshwar,5000,+91-9759768883,0.42,19.2506,72.8511,fulfilled,true,42,2.0.0,2026-09-18T12:00:00Z
51513,2026-09-14T13:51:00Z,P/S,Goregaon West & East,10000,+91-9752583830,0.58,19.1655,72.8513,fulfilled,true,42,2.0.0,2026-09-18T12:00:00Z
51514,2026-09-14T05:54:00Z,T,Mulund / Nahur,5000,+91-9782016389,0.48,19.1713,72.9615,fulfilled,true,42,2.0.0,2026-09-18T12:00:00Z
51515,2026-09-14T08:04:00Z,L,Kurla / Asalpha / Sakinaka,1000,+91-9799065212,0.88,19.0733,72.8803,fulfilled,true,42,2.0.0,2026-09-18T12:00:00Z
51516,2026-09-14T05:14:00Z,R/C,Borivali / Gorai,5000,+91-9711305086,0.46,19.2244,72.8568,fulfilled,true,42,2.0.0,2026-09-18T12:00:00Z
51517,2026-09-14T17:00:00Z,R/S,Kandivali West & East,2000,+91-9799952984,0.52,19.2033,72.8507,fulfilled,true,42,2.0.0,2026-09-18T12:00:00Z
51518,2026-09-14T19:01:00Z,P/S,Goregaon West & East,5000,+91-9744259129,0.58,19.1691,72.839,fulfilled,true,42,2.0.0,2026-09-18T12:00:00Z
51519,2026-09-14T21:23:00Z,C,Marine Lines / Chandanwadi,10000,+91-9771813528,0.32,18.9407,72.8285,fulfilled,true,42,2.0.0,2026-09-18T12:00:00Z
51520,2026-09-14T05:13:00Z,L,Kurla / Asalpha / Sakinaka,10000,+91-9766385025,0.88,19.073,72.8809,fulfilled,true,42,2.0.0,2026-09-18T12:00:00Z
51521,2026-09-14T14:59:00Z,F/S,Parel / Sewri / Lalbaug,10000,+91-9776286055,0.42,19.0029,72.8492,fulfilled,true,42,2.0.0,2026-09-18T12:00:00Z
51522,2026-09-14T05:26:00Z,G/N,Dharavi / Mahim / Dadar West,1000,+91-9740546730,0.93,19.0455,72.848,fulfilled,true,42,2.0.0,2026-09-18T12:00:00Z
51523,2026-09-14T18:19:00Z,F/N,Matunga / Sion / Wadala,10000,+91-9797569887,0.74,19.0205,72.8614,fulfilled,true,42,2.0.0,2026-09-18T12:00:00Z
51524,2026-09-14T13:19:00Z,M/W,Chembur West / Tilak Nagar,2000,+91-9772509660,0.55,19.0646,72.9023,fulfilled,true,42,2.0.0,2026-09-18T12:00:00Z
51525,2026-09-14T14:19:00Z,M/E,Govandi / Mankhurd / Shivaji Nagar,2000,+91-9756526657,0.96,19.0567,72.9159,fulfilled,true,42,2.0.0,2026-09-18T12:00:00Z
51526,2026-09-15T14:26:00Z,K/W,Andheri West / Versova,10000,+91-9789026286,0.44,19.1315,72.8238,fulfilled,true,42,2.0.0,2026-09-18T12:00:00Z
51527,2026-09-15T19:03:00Z,K/W,Andheri West / Versova,2000,+91-9781802261,0.44,19.1297,72.8224,fulfilled,true,42,2.0.0,2026-09-18T12:00:00Z
51528,2026-09-15T19:44:00Z,A,Colaba / Fort / Nariman Point,1000,+91-9721766093,0.22,18.928,72.8412,fulfilled,true,42,2.0.0,2026-09-18T12:00:00Z
51529,2026-09-15T17:55:00Z,L,Kurla / Asalpha / Sakinaka,5000,+91-9779663743,0.88,19.0709,72.8753,fulfilled,true,42,2.0.0,2026-09-18T12:00:00Z
51530,2026-09-15T15:55:00Z,K/W,Andheri West / Versova,1000,+91-9739626787,0.44,19.125,72.8251,fulfilled,true,42,2.0.0,2026-09-18T12:00:00Z
51531,2026-09-15T22:29:00Z,M/E,Govandi / Mankhurd / Shivaji Nagar,10000,+91-9771710017,0.96,19.0512,72.9229,fulfilled,true,42,2.0.0,2026-09-18T12:00:00Z
51532,2026-09-15T14:25:00Z,N,Ghatkopar / Pant Nagar,5000,+91-9797100923,0.61,19.0894,72.9122,fulfilled,true,42,2.0.0,2026-09-18T12:00:00Z
51533,2026-09-15T06:07:00Z,P/N,Malad / Marve / Malvani,5000,+91-9745999404,0.79,19.184,72.8541,fulfilled,true,42,2.0.0,2026-09-18T12:00:00Z
51534,2026-09-15T07:24:00Z,D,Malabar Hill / Walkeshwar,10000,+91-9797419159,0.16,18.9635,72.8055,fulfilled,true,42,2.0.0,2026-09-18T12:00:00Z
51535,2026-09-15T13:30:00Z,P/S,Goregaon West & East,1000,+91-9770783035,0.58,19.1686,72.8397,fulfilled,true,42,2.0.0,2026-09-18T12:00:00Z
51536,2026-09-15T13:57:00Z,P/S,Goregaon West & East,10000,+91-9718993073,0.58,19.1646,72.8515,fulfilled,true,42,2.0.0,2026-09-18T12:00:00Z
51537,2026-09-15T16:21:00Z,F/S,Parel / Sewri / Lalbaug,10000,+91-9794875270,0.42,19.0003,72.8485,fulfilled,true,42,2.0.0,2026-09-18T12:00:00Z
51538,2026-09-15T09:01:00Z,D,Malabar Hill / Walkeshwar,10000,+91-9748457933,0.16,18.9576,72.8172,fulfilled,true,42,2.0.0,2026-09-18T12:00:00Z
51539,2026-09-15T17:19:00Z,T,Mulund / Nahur,5000,+91-9753823250,0.48,19.1654,72.9633,fulfilled,true,42,2.0.0,2026-09-18T12:00:00Z
51540,2026-09-15T20:06:00Z,A,Colaba / Fort / Nariman Point,10000,+91-9741231578,0.22,18.9241,72.8315,fulfilled,true,42,2.0.0,2026-09-18T12:00:00Z
51541,2026-09-15T17:09:00Z,K/W,Andheri West / Versova,10000,+91-9722905105,0.44,19.1229,72.8249,fulfilled,true,42,2.0.0,2026-09-18T12:00:00Z
51542,2026-09-15T06:03:00Z,B,Sandhurst Road / Dongri,2000,+91-9713962799,0.4,18.9486,72.8434,fulfilled,true,42,2.0.0,2026-09-18T12:00:00Z
51543,2026-09-15T05:56:00Z,P/N,Malad / Marve / Malvani,5000,+91-9783986834,0.79,19.178,72.8491,fulfilled,true,42,2.0.0,2026-09-18T12:00:00Z
51544,2026-09-15T07:12:00Z,M/E,Govandi / Mankhurd / Shivaji Nagar,2000,+91-9749814114,0.96,19.0621,72.9201,fulfilled,true,42,2.0.0,2026-09-18T12:00:00Z
51545,2026-09-15T20:16:00Z,M/W,Chembur West / Tilak Nagar,5000,+91-9735696828,0.55,19.0539,72.9031,fulfilled,true,42,2.0.0,2026-09-18T12:00:00Z
51546,2026-09-15T11:13:00Z,A,Colaba / Fort / Nariman Point,10000,+91-9723779715,0.22,18.9284,72.826,fulfilled,true,42,2.0.0,2026-09-18T12:00:00Z
51547,2026-09-15T18:45:00Z,M/W,Chembur West / Tilak Nagar,1000,+91-9735318658,0.55,19.0629,72.9038,fulfilled,true,42,2.0.0,2026-09-18T12:00:00Z
51548,2026-09-15T06:49:00Z,K/W,Andheri West / Versova,10000,+91-9771664790,0.44,19.1261,72.8247,fulfilled,true,42,2.0.0,2026-09-18T12:00:00Z
51549,2026-09-15T16:33:00Z,H/E,Bandra East / Santacruz East,2000,+91-9752733221,0.71,19.0693,72.848,fulfilled,true,42,2.0.0,2026-09-18T12:00:00Z
51550,2026-09-15T16:00:00Z,G/N,Dharavi / Mahim / Dadar West,1000,+91-9791152126,0.93,19.0442,72.8497,fulfilled,true,42,2.0.0,2026-09-18T12:00:00Z
51551,2026-09-15T07:43:00Z,S,Bhandup / Kanjurmarg / Powai,2000,+91-9797082316,0.69,19.137,72.9312,fulfilled,true,42,2.0.0,2026-09-18T12:00:00Z
51552,2026-09-15T18:14:00Z,R/N,Dahisar / Mandapeshwar,1000,+91-9728821504,0.42,19.2462,72.8555,fulfilled,true,42,2.0.0,2026-09-18T12:00:00Z
51553,2026-09-15T09:25:00Z,R/S,Kandivali West & East,10000,+91-9727860365,0.52,19.2008,72.8521,fulfilled,true,42,2.0.0,2026-09-18T12:00:00Z
51554,2026-09-15T16:13:00Z,R/C,Borivali / Gorai,1000,+91-9748295204,0.46,19.2352,72.8605,fulfilled,true,42,2.0.0,2026-09-18T12:00:00Z
51555,2026-09-15T16:12:00Z,P/N,Malad / Marve / Malvani,2000,+91-9747083193,0.79,19.19,72.8491,fulfilled,true,42,2.0.0,2026-09-18T12:00:00Z
51556,2026-09-15T16:37:00Z,L,Kurla / Asalpha / Sakinaka,5000,+91-9797760197,0.88,19.0696,72.8868,fulfilled,true,42,2.0.0,2026-09-18T12:00:00Z
51557,2026-09-15T15:48:00Z,M/W,Chembur West / Tilak Nagar,1000,+91-9730016226,0.55,19.0629,72.8948,fulfilled,true,42,2.0.0,2026-09-18T12:00:00Z
51558,2026-09-15T08:41:00Z,G/N,Dharavi / Mahim / Dadar West,1000,+91-9773065443,0.93,19.0423,72.8466,fulfilled,true,42,2.0.0,2026-09-18T12:00:00Z
51559,2026-09-15T16:21:00Z,L,Kurla / Asalpha / Sakinaka,2000,+91-9712067095,0.88,19.0652,72.8897,fulfilled,true,42,2.0.0,2026-09-18T12:00:00Z
51560,2026-09-15T14:02:00Z,C,Marine Lines / Chandanwadi,10000,+91-9728728671,0.32,18.9513,72.8184,fulfilled,true,42,2.0.0,2026-09-18T12:00:00Z
51561,2026-09-15T09:51:00Z,E,Byculla / Mazgaon / Nagpada,1000,+91-9791558991,0.48,18.9733,72.825,fulfilled,true,42,2.0.0,2026-09-18T12:00:00Z
51562,2026-09-15T19:27:00Z,F/S,Parel / Sewri / Lalbaug,10000,+91-9728765263,0.42,19.0055,72.8377,fulfilled,true,42,2.0.0,2026-09-18T12:00:00Z
51563,2026-09-15T15:37:00Z,P/S,Goregaon West & East,2000,+91-9793939036,0.58,19.1693,72.8415,fulfilled,true,42,2.0.0,2026-09-18T12:00:00Z
51564,2026-09-15T10:44:00Z,R/C,Borivali / Gorai,5000,+91-9750271982,0.46,19.2316,72.8549,fulfilled,true,42,2.0.0,2026-09-18T12:00:00Z
51565,2026-09-15T09:56:00Z,G/S,Worli / Lower Parel,1000,+91-9777522234,0.36,19.0134,72.8256,fulfilled,true,42,2.0.0,2026-09-18T12:00:00Z
51566,2026-09-15T13:14:00Z,L,Kurla / Asalpha / Sakinaka,10000,+91-9757623250,0.88,19.0754,72.8796,fulfilled,true,42,2.0.0,2026-09-18T12:00:00Z
51567,2026-09-15T12:36:00Z,M/W,Chembur West / Tilak Nagar,5000,+91-9727891994,0.55,19.0614,72.8934,fulfilled,true,42,2.0.0,2026-09-18T12:00:00Z
51568,2026-09-15T17:00:00Z,H/E,Bandra East / Santacruz East,10000,+91-9772123735,0.71,19.0653,72.8589,fulfilled,true,42,2.0.0,2026-09-18T12:00:00Z
51569,2026-09-15T08:55:00Z,F/S,Parel / Sewri / Lalbaug,5000,+91-9737979500,0.42,19.0003,72.8514,fulfilled,true,42,2.0.0,2026-09-18T12:00:00Z
51570,2026-09-15T15:59:00Z,A,Colaba / Fort / Nariman Point,2000,+91-9782146195,0.22,18.93,72.836,fulfilled,true,42,2.0.0,2026-09-18T12:00:00Z
51571,2026-09-15T13:08:00Z,G/N,Dharavi / Mahim / Dadar West,10000,+91-9744121502,0.93,19.0368,72.8428,fulfilled,true,42,2.0.0,2026-09-18T12:00:00Z
51572,2026-09-15T06:15:00Z,B,Sandhurst Road / Dongri,5000,+91-9786973548,0.4,18.9472,72.8349,fulfilled,true,42,2.0.0,2026-09-18T12:00:00Z
51573,2026-09-16T05:04:00Z,T,Mulund / Nahur,1000,+91-9796510666,0.48,19.1719,72.951,queued,true,42,2.0.0,2026-09-18T12:00:00Z
51574,2026-09-16T09:12:00Z,M/E,Govandi / Mankhurd / Shivaji Nagar,10000,+91-9783655651,0.96,19.0544,72.9153,queued,true,42,2.0.0,2026-09-18T12:00:00Z
51575,2026-09-16T07:54:00Z,R/N,Dahisar / Mandapeshwar,5000,+91-9779530807,0.42,19.2575,72.8581,queued,true,42,2.0.0,2026-09-18T12:00:00Z
51576,2026-09-16T22:33:00Z,R/N,Dahisar / Mandapeshwar,5000,+91-9763522472,0.42,19.2614,72.8653,queued,true,42,2.0.0,2026-09-18T12:00:00Z
51577,2026-09-16T13:44:00Z,M/W,Chembur West / Tilak Nagar,5000,+91-9779029650,0.55,19.0598,72.8981,queued,true,42,2.0.0,2026-09-18T12:00:00Z
51578,2026-09-16T08:43:00Z,B,Sandhurst Road / Dongri,5000,+91-9750627560,0.4,18.9491,72.8452,queued,true,42,2.0.0,2026-09-18T12:00:00Z
51579,2026-09-16T13:09:00Z,N,Ghatkopar / Pant Nagar,1000,+91-9784697621,0.61,19.0795,72.9005,queued,true,42,2.0.0,2026-09-18T12:00:00Z
51580,2026-09-16T05:50:00Z,R/C,Borivali / Gorai,2000,+91-9729639808,0.46,19.2261,72.8597,queued,true,42,2.0.0,2026-09-18T12:00:00Z
51581,2026-09-16T22:29:00Z,M/W,Chembur West / Tilak Nagar,1000,+91-9716670175,0.55,19.0586,72.8916,queued,true,42,2.0.0,2026-09-18T12:00:00Z
51582,2026-09-16T06:54:00Z,R/N,Dahisar / Mandapeshwar,1000,+91-9716214356,0.42,19.2571,72.8648,queued,true,42,2.0.0,2026-09-18T12:00:00Z
51583,2026-09-16T10:45:00Z,E,Byculla / Mazgaon / Nagpada,10000,+91-9758194611,0.48,18.969,72.8241,queued,true,42,2.0.0,2026-09-18T12:00:00Z
51584,2026-09-16T16:01:00Z,P/N,Malad / Marve / Malvani,2000,+91-9768291297,0.79,19.1936,72.8428,queued,true,42,2.0.0,2026-09-18T12:00:00Z
51585,2026-09-16T21:01:00Z,S,Bhandup / Kanjurmarg / Powai,2000,+91-9795445134,0.69,19.1379,72.9263,queued,true,42,2.0.0,2026-09-18T12:00:00Z
51586,2026-09-16T06:31:00Z,R/C,Borivali / Gorai,2000,+91-9739324700,0.46,19.2321,72.8566,queued,true,42,2.0.0,2026-09-18T12:00:00Z
51587,2026-09-16T06:18:00Z,D,Malabar Hill / Walkeshwar,1000,+91-9742943955,0.16,18.9628,72.8081,queued,true,42,2.0.0,2026-09-18T12:00:00Z
51588,2026-09-16T07:07:00Z,F/S,Parel / Sewri / Lalbaug,5000,+91-9762728057,0.42,19.0044,72.8495,queued,true,42,2.0.0,2026-09-18T12:00:00Z
51589,2026-09-16T08:31:00Z,H/W,Bandra West / Khar,10000,+91-9780994786,0.28,19.0648,72.8244,queued,true,42,2.0.0,2026-09-18T12:00:00Z
51590,2026-09-16T12:02:00Z,B,Sandhurst Road / Dongri,1000,+91-9716477167,0.4,18.9584,72.8428,queued,true,42,2.0.0,2026-09-18T12:00:00Z
51591,2026-09-16T15:17:00Z,D,Malabar Hill / Walkeshwar,5000,+91-9795689202,0.16,18.9535,72.807,queued,true,42,2.0.0,2026-09-18T12:00:00Z
51592,2026-09-16T16:47:00Z,F/N,Matunga / Sion / Wadala,10000,+91-9788115889,0.74,19.0238,72.8553,queued,true,42,2.0.0,2026-09-18T12:00:00Z
51593,2026-09-16T17:27:00Z,C,Marine Lines / Chandanwadi,2000,+91-9712427643,0.32,18.9538,72.8224,queued,true,42,2.0.0,2026-09-18T12:00:00Z
51594,2026-09-16T08:38:00Z,E,Byculla / Mazgaon / Nagpada,2000,+91-9793402874,0.48,18.9779,72.8274,queued,true,42,2.0.0,2026-09-18T12:00:00Z
51595,2026-09-16T10:10:00Z,F/S,Parel / Sewri / Lalbaug,2000,+91-9794940466,0.42,18.9988,72.8419,queued,true,42,2.0.0,2026-09-18T12:00:00Z
51596,2026-09-16T08:45:00Z,A,Colaba / Fort / Nariman Point,10000,+91-9786975968,0.22,18.9175,72.8275,queued,true,42,2.0.0,2026-09-18T12:00:00Z
51597,2026-09-16T05:11:00Z,F/S,Parel / Sewri / Lalbaug,5000,+91-9732296834,0.42,18.9918,72.8397,queued,true,42,2.0.0,2026-09-18T12:00:00Z
51598,2026-09-16T07:58:00Z,T,Mulund / Nahur,2000,+91-9764424385,0.48,19.1713,72.9613,queued,true,42,2.0.0,2026-09-18T12:00:00Z
51599,2026-09-16T16:15:00Z,R/S,Kandivali West & East,1000,+91-9789838443,0.52,19.2125,72.8584,queued,true,42,2.0.0,2026-09-18T12:00:00Z
51600,2026-09-16T08:02:00Z,R/N,Dahisar / Mandapeshwar,1000,+91-9749533860,0.42,19.2483,72.8524,queued,true,42,2.0.0,2026-09-18T12:00:00Z
51601,2026-09-16T13:04:00Z,K/W,Andheri West / Versova,2000,+91-9764553466,0.44,19.1329,72.8261,queued,true,42,2.0.0,2026-09-18T12:00:00Z
51602,2026-09-16T21:58:00Z,C,Marine Lines / Chandanwadi,10000,+91-9780009596,0.32,18.9465,72.8181,queued,true,42,2.0.0,2026-09-18T12:00:00Z
51603,2026-09-16T08:54:00Z,G/N,Dharavi / Mahim / Dadar West,10000,+91-9776852192,0.93,19.046,72.8489,queued,true,42,2.0.0,2026-09-18T12:00:00Z
51604,2026-09-16T10:07:00Z,M/E,Govandi / Mankhurd / Shivaji Nagar,10000,+91-9761188898,0.96,19.0588,72.9175,queued,true,42,2.0.0,2026-09-18T12:00:00Z
51605,2026-09-16T20:02:00Z,A,Colaba / Fort / Nariman Point,10000,+91-9712548021,0.22,18.9162,72.8355,queued,true,42,2.0.0,2026-09-18T12:00:00Z
51606,2026-09-16T19:45:00Z,R/N,Dahisar / Mandapeshwar,10000,+91-9750464911,0.42,19.2504,72.8519,queued,true,42,2.0.0,2026-09-18T12:00:00Z
51607,2026-09-16T22:59:00Z,F/N,Matunga / Sion / Wadala,1000,+91-9780282356,0.74,19.0267,72.8582,queued,true,42,2.0.0,2026-09-18T12:00:00Z
51608,2026-09-16T15:08:00Z,K/E,Andheri East / Marol,2000,+91-9797567407,0.65,19.1104,72.8657,queued,true,42,2.0.0,2026-09-18T12:00:00Z
51609,2026-09-16T15:33:00Z,F/N,Matunga / Sion / Wadala,5000,+91-9737738252,0.74,19.0307,72.8581,queued,true,42,2.0.0,2026-09-18T12:00:00Z
51610,2026-09-16T14:32:00Z,K/E,Andheri East / Marol,10000,+91-9743933129,0.65,19.1158,72.8617,queued,true,42,2.0.0,2026-09-18T12:00:00Z
51611,2026-09-16T17:44:00Z,K/E,Andheri East / Marol,10000,+91-9755228953,0.65,19.1089,72.8617,queued,true,42,2.0.0,2026-09-18T12:00:00Z
51612,2026-09-16T17:47:00Z,T,Mulund / Nahur,5000,+91-9782486258,0.48,19.171,72.9582,queued,true,42,2.0.0,2026-09-18T12:00:00Z
51613,2026-09-16T15:34:00Z,R/N,Dahisar / Mandapeshwar,10000,+91-9731500553,0.42,19.2543,72.8592,queued,true,42,2.0.0,2026-09-18T12:00:00Z
51614,2026-09-16T19:32:00Z,F/N,Matunga / Sion / Wadala,2000,+91-9789026193,0.74,19.0348,72.8633,queued,true,42,2.0.0,2026-09-18T12:00:00Z
51615,2026-09-16T14:14:00Z,M/W,Chembur West / Tilak Nagar,2000,+91-9791926377,0.55,19.0552,72.9037,queued,true,42,2.0.0,2026-09-18T12:00:00Z
51616,2026-09-16T08:35:00Z,R/N,Dahisar / Mandapeshwar,2000,+91-9721204041,0.42,19.2476,72.8644,queued,true,42,2.0.0,2026-09-18T12:00:00Z
51617,2026-09-16T12:29:00Z,D,Malabar Hill / Walkeshwar,1000,+91-9719989222,0.16,18.9682,72.8128,queued,true,42,2.0.0,2026-09-18T12:00:00Z
51618,2026-09-16T20:33:00Z,E,Byculla / Mazgaon / Nagpada,10000,+91-9720880719,0.48,18.9682,72.8294,queued,true,42,2.0.0,2026-09-18T12:00:00Z
51619,2026-09-16T12:32:00Z,M/E,Govandi / Mankhurd / Shivaji Nagar,10000,+91-9716467940,0.96,19.0532,72.923,queued,true,42,2.0.0,2026-09-18T12:00:00Z
51620,2026-09-16T08:45:00Z,C,Marine Lines / Chandanwadi,5000,+91-9773480283,0.32,18.9411,72.8198,queued,true,42,2.0.0,2026-09-18T12:00:00Z
51621,2026-09-16T14:08:00Z,R/S,Kandivali West & East,5000,+91-9765774605,0.52,19.1994,72.8562,queued,true,42,2.0.0,2026-09-18T12:00:00Z
51622,2026-09-16T19:17:00Z,P/S,Goregaon West & East,1000,+91-9768498518,0.58,19.1693,72.8367,queued,true,42,2.0.0,2026-09-18T12:00:00Z
51623,2026-09-17T22:59:00Z,R/C,Borivali / Gorai,2000,+91-9743767228,0.46,19.2238,72.8621,queued,true,42,2.0.0,2026-09-18T12:00:00Z
51624,2026-09-17T06:50:00Z,R/N,Dahisar / Mandapeshwar,5000,+91-9798050725,0.42,19.2619,72.8522,queued,true,42,2.0.0,2026-09-18T12:00:00Z
51625,2026-09-17T16:10:00Z,M/W,Chembur West / Tilak Nagar,2000,+91-9745088073,0.55,19.0554,72.905,queued,true,42,2.0.0,2026-09-18T12:00:00Z
51626,2026-09-17T16:41:00Z,P/N,Malad / Marve / Malvani,1000,+91-9714541485,0.79,19.1937,72.8529,queued,true,42,2.0.0,2026-09-18T12:00:00Z
51627,2026-09-17T10:48:00Z,N,Ghatkopar / Pant Nagar,2000,+91-9775875304,0.61,19.0858,72.9074,queued,true,42,2.0.0,2026-09-18T12:00:00Z
51628,2026-09-17T10:30:00Z,F/S,Parel / Sewri / Lalbaug,2000,+91-9713888691,0.42,18.998,72.8414,queued,true,42,2.0.0,2026-09-18T12:00:00Z
51629,2026-09-17T10:38:00Z,F/S,Parel / Sewri / Lalbaug,2000,+91-9798795328,0.42,18.9969,72.8428,queued,true,42,2.0.0,2026-09-18T12:00:00Z
51630,2026-09-17T19:09:00Z,R/N,Dahisar / Mandapeshwar,10000,+91-9796567720,0.42,19.2496,72.8575,queued,true,42,2.0.0,2026-09-18T12:00:00Z
51631,2026-09-17T08:25:00Z,E,Byculla / Mazgaon / Nagpada,5000,+91-9790536065,0.48,18.9706,72.838,queued,true,42,2.0.0,2026-09-18T12:00:00Z
51632,2026-09-17T20:45:00Z,M/W,Chembur West / Tilak Nagar,1000,+91-9756788754,0.55,19.0605,72.9054,queued,true,42,2.0.0,2026-09-18T12:00:00Z
51633,2026-09-17T22:50:00Z,H/E,Bandra East / Santacruz East,5000,+91-9744329761,0.71,19.0684,72.8584,queued,true,42,2.0.0,2026-09-18T12:00:00Z
51634,2026-09-17T12:04:00Z,G/S,Worli / Lower Parel,2000,+91-9799760493,0.36,19.0092,72.8225,queued,true,42,2.0.0,2026-09-18T12:00:00Z
51635,2026-09-17T12:05:00Z,G/N,Dharavi / Mahim / Dadar West,2000,+91-9774784080,0.93,19.0455,72.8412,queued,true,42,2.0.0,2026-09-18T12:00:00Z
51636,2026-09-17T22:36:00Z,B,Sandhurst Road / Dongri,1000,+91-9714454694,0.4,18.9528,72.8402,queued,true,42,2.0.0,2026-09-18T12:00:00Z
51637,2026-09-17T08:08:00Z,R/S,Kandivali West & East,1000,+91-9718603867,0.52,19.2021,72.8527,queued,true,42,2.0.0,2026-09-18T12:00:00Z
51638,2026-09-17T21:45:00Z,S,Bhandup / Kanjurmarg / Powai,10000,+91-9790870458,0.69,19.1383,72.9218,queued,true,42,2.0.0,2026-09-18T12:00:00Z
51639,2026-09-17T10:53:00Z,F/S,Parel / Sewri / Lalbaug,1000,+91-9755076814,0.42,18.9916,72.8446,queued,true,42,2.0.0,2026-09-18T12:00:00Z
51640,2026-09-17T17:07:00Z,R/N,Dahisar / Mandapeshwar,2000,+91-9719373887,0.42,19.2559,72.8516,queued,true,42,2.0.0,2026-09-18T12:00:00Z
51641,2026-09-17T08:25:00Z,M/E,Govandi / Mankhurd / Shivaji Nagar,2000,+91-9784229769,0.96,19.063,72.9159,queued,true,42,2.0.0,2026-09-18T12:00:00Z
51642,2026-09-17T05:55:00Z,L,Kurla / Asalpha / Sakinaka,2000,+91-9769382828,0.88,19.0783,72.8854,queued,true,42,2.0.0,2026-09-18T12:00:00Z
51643,2026-09-17T14:24:00Z,S,Bhandup / Kanjurmarg / Powai,2000,+91-9730453203,0.69,19.1413,72.9348,queued,true,42,2.0.0,2026-09-18T12:00:00Z
51644,2026-09-17T14:12:00Z,N,Ghatkopar / Pant Nagar,10000,+91-9738175219,0.61,19.0892,72.9074,queued,true,42,2.0.0,2026-09-18T12:00:00Z
51645,2026-09-17T10:37:00Z,A,Colaba / Fort / Nariman Point,1000,+91-9799603917,0.22,18.922,72.8325,queued,true,42,2.0.0,2026-09-18T12:00:00Z
51646,2026-09-17T05:16:00Z,M/W,Chembur West / Tilak Nagar,2000,+91-9743221715,0.55,19.0633,72.9043,queued,true,42,2.0.0,2026-09-18T12:00:00Z
51647,2026-09-17T16:24:00Z,D,Malabar Hill / Walkeshwar,5000,+91-9721914556,0.16,18.9556,72.8088,queued,true,42,2.0.0,2026-09-18T12:00:00Z
51648,2026-09-17T11:03:00Z,B,Sandhurst Road / Dongri,1000,+91-9741467401,0.4,18.9595,72.8353,queued,true,42,2.0.0,2026-09-18T12:00:00Z
51649,2026-09-17T20:03:00Z,C,Marine Lines / Chandanwadi,1000,+91-9718548836,0.32,18.9456,72.8202,queued,true,42,2.0.0,2026-09-18T12:00:00Z
51650,2026-09-17T16:22:00Z,R/S,Kandivali West & East,1000,+91-9768615029,0.52,19.2058,72.8565,queued,true,42,2.0.0,2026-09-18T12:00:00Z
51651,2026-09-17T21:02:00Z,M/E,Govandi / Mankhurd / Shivaji Nagar,2000,+91-9791151292,0.96,19.0482,72.9144,queued,true,42,2.0.0,2026-09-18T12:00:00Z
51652,2026-09-17T10:25:00Z,D,Malabar Hill / Walkeshwar,2000,+91-9762443135,0.16,18.9617,72.8131,queued,true,42,2.0.0,2026-09-18T12:00:00Z
51653,2026-09-17T21:56:00Z,K/W,Andheri West / Versova,2000,+91-9792643794,0.44,19.1289,72.8298,queued,true,42,2.0.0,2026-09-18T12:00:00Z
51654,2026-09-17T05:17:00Z,B,Sandhurst Road / Dongri,5000,+91-9737366191,0.4,18.9497,72.8422,queued,true,42,2.0.0,2026-09-18T12:00:00Z
51655,2026-09-17T13:11:00Z,P/N,Malad / Marve / Malvani,1000,+91-9720977648,0.79,19.1886,72.8552,queued,true,42,2.0.0,2026-09-18T12:00:00Z
51656,2026-09-17T13:31:00Z,G/S,Worli / Lower Parel,5000,+91-9768897992,0.36,19.0057,72.8239,queued,true,42,2.0.0,2026-09-18T12:00:00Z
51657,2026-09-17T12:42:00Z,E,Byculla / Mazgaon / Nagpada,1000,+91-9747458662,0.48,18.9755,72.8337,queued,true,42,2.0.0,2026-09-18T12:00:00Z
51658,2026-09-17T16:28:00Z,D,Malabar Hill / Walkeshwar,10000,+91-9774028609,0.16,18.955,72.8092,queued,true,42,2.0.0,2026-09-18T12:00:00Z
51659,2026-09-17T07:13:00Z,N,Ghatkopar / Pant Nagar,1000,+91-9718772312,0.61,19.0871,72.9036,queued,true,42,2.0.0,2026-09-18T12:00:00Z
51660,2026-09-17T12:49:00Z,M/E,Govandi / Mankhurd / Shivaji Nagar,5000,+91-9791399105,0.96,19.0497,72.9213,queued,true,42,2.0.0,2026-09-18T12:00:00Z
51661,2026-09-17T13:21:00Z,M/E,Govandi / Mankhurd / Shivaji Nagar,10000,+91-9799837232,0.96,19.0531,72.9147,queued,true,42,2.0.0,2026-09-18T12:00:00Z
51662,2026-09-17T18:54:00Z,R/S,Kandivali West & East,1000,+91-9730356137,0.52,19.2112,72.8461,queued,true,42,2.0.0,2026-09-18T12:00:00Z
51663,2026-09-17T16:57:00Z,N,Ghatkopar / Pant Nagar,2000,+91-9716707736,0.61,19.077,72.9045,queued,true,42,2.0.0,2026-09-18T12:00:00Z
51664,2026-09-17T10:45:00Z,L,Kurla / Asalpha / Sakinaka,2000,+91-9775604599,0.88,19.0673,72.8816,queued,true,42,2.0.0,2026-09-18T12:00:00Z
51665,2026-09-17T06:50:00Z,H/W,Bandra West / Khar,5000,+91-9732498534,0.28,19.0643,72.8382,queued,true,42,2.0.0,2026-09-18T12:00:00Z
51666,2026-09-17T18:20:00Z,B,Sandhurst Road / Dongri,2000,+91-9732908044,0.4,18.9578,72.8323,queued,true,42,2.0.0,2026-09-18T12:00:00Z
51667,2026-09-17T06:36:00Z,P/N,Malad / Marve / Malvani,2000,+91-9778475659,0.79,19.1891,72.8558,queued,true,42,2.0.0,2026-09-18T12:00:00Z
51668,2026-09-17T18:21:00Z,G/S,Worli / Lower Parel,10000,+91-9734826258,0.36,19.0041,72.8255,queued,true,42,2.0.0,2026-09-18T12:00:00Z
51669,2026-09-17T08:11:00Z,K/W,Andheri West / Versova,10000,+91-9782150260,0.44,19.1325,72.8352,queued,true,42,2.0.0,2026-09-18T12:00:00Z
51670,2026-09-17T19:28:00Z,T,Mulund / Nahur,1000,+91-9776723423,0.48,19.1698,72.961,queued,true,42,2.0.0,2026-09-18T12:00:00Z
51671,2026-09-17T19:17:00Z,L,Kurla / Asalpha / Sakinaka,5000,+91-9788167286,0.88,19.0795,72.8892,queued,true,42,2.0.0,2026-09-18T12:00:00Z
51672,2026-09-17T11:37:00Z,H/E,Bandra East / Santacruz East,5000,+91-9798549289,0.71,19.062,72.849,queued,true,42,2.0.0,2026-09-18T12:00:00Z
51673,2026-09-17T13:45:00Z,M/W,Chembur West / Tilak Nagar,1000,+91-9755087873,0.55,19.0637,72.8918,queued,true,42,2.0.0,2026-09-18T12:00:00Z
51674,2026-09-17T11:15:00Z,R/C,Borivali / Gorai,1000,+91-9774906569,0.46,19.2337,72.8648,queued,true,42,2.0.0,2026-09-18T12:00:00Z
